[
  {
    "type": 96,
    "npcid": 5146,
    "note": "큰 발의 마요(잡보스)",
    "boss_msg": "　　\\aA오렌 설벽 \\aG큰발의 마요(잡보스) \\aA 등장하였습니다.",
    "loc_x": 34186,
    "loc_y": 32219,
    "loc_map": 15420,
    "day": "1,2,3,4,5,6,7",
    "hour": 17,
    "minute": 15
  },
  {
    "type": 97,
    "npcid": 5146,
    "note": "큰 발의 마요(잡보스)",
    "boss_msg": "　　\\aA오렌 설벽 \\aG큰발의 마요(잡보스) \\aA 등장하였습니다.",
    "loc_x": 34186,
    "loc_y": 32219,
    "loc_map": 15420,
    "day": "1,2,3,4,5,6,7",
    "hour": 18,
    "minute": 15
  },
  {
    "type": 98,
    "npcid": 5146,
    "note": "큰 발의 마요(잡보스)",
    "boss_msg": "　　\\aA오렌 설벽 \\aG큰발의 마요(잡보스) \\aA 등장하였습니다.",
    "loc_x": 34186,
    "loc_y": 32219,
    "loc_map": 15420,
    "day": "1,2,3,4,5,6,7",
    "hour": 19,
    "minute": 15
  },
  {
    "type": 99,
    "npcid": 5146,
    "note": "큰 발의 마요(잡보스)",
    "boss_msg": "　　\\aA오렌 설벽 \\aG큰발의 마요(잡보스) \\aA 등장하였습니다.",
    "loc_x": 34186,
    "loc_y": 32219,
    "loc_map": 15420,
    "day": "1,2,3,4,5,6,7",
    "hour": 21,
    "minute": 15
  },
  {
    "type": 100,
    "npcid": 5146,
    "note": "큰 발의 마요(잡보스)",
    "boss_msg": "　　\\aA오렌 설벽 \\aG큰발의 마요(잡보스) \\aA 등장하였습니다.",
    "loc_x": 34186,
    "loc_y": 32219,
    "loc_map": 15420,
    "day": "1,2,3,4,5,6,7",
    "hour": 22,
    "minute": 15
  },
  {
    "type": 101,
    "npcid": 5146,
    "note": "큰 발의 마요(잡보스)",
    "boss_msg": "　　\\aA오렌 설벽 \\aG큰발의 마요(잡보스) \\aA 등장하였습니다.",
    "loc_x": 34186,
    "loc_y": 32219,
    "loc_map": 15420,
    "day": "1,2,3,4,5,6,7",
    "hour": 23,
    "minute": 15
  },
  {
    "type": 65,
    "npcid": 7310147,
    "note": "마이노 샤먼(잡보스)",
    "boss_msg": "　　\\aA풍룡의 둥지 \\aG마이노 샤먼(잡보스) \\aA 등장하였습니다.",
    "loc_x": 34264,
    "loc_y": 32794,
    "loc_map": 15410,
    "day": "1,2,3,4,5,6,7",
    "hour": 9,
    "minute": 45
  },
  {
    "type": 66,
    "npcid": 7310147,
    "note": "마이노 샤먼(잡보스)",
    "boss_msg": "　　\\aA풍룡의 둥지 \\aG마이노 샤먼(잡보스) \\aA 등장하였습니다.",
    "loc_x": 34264,
    "loc_y": 32794,
    "loc_map": 15410,
    "day": "1,2,3,4,5,6,7",
    "hour": 10,
    "minute": 45
  },
  {
    "type": 67,
    "npcid": 7310147,
    "note": "마이노 샤먼(잡보스)",
    "boss_msg": "　　\\aA풍룡의 둥지 \\aG마이노 샤먼(잡보스) \\aA 등장하였습니다.",
    "loc_x": 34264,
    "loc_y": 32794,
    "loc_map": 15410,
    "day": "1,2,3,4,5,6,7",
    "hour": 11,
    "minute": 45
  },
  {
    "type": 68,
    "npcid": 7310147,
    "note": "마이노 샤먼(잡보스)",
    "boss_msg": "　　\\aA풍룡의 둥지 \\aG마이노 샤먼(잡보스) \\aA 등장하였습니다.",
    "loc_x": 34264,
    "loc_y": 32794,
    "loc_map": 15410,
    "day": "1,2,3,4,5,6,7",
    "hour": 12,
    "minute": 45
  },
  {
    "type": 69,
    "npcid": 7310147,
    "note": "마이노 샤먼(잡보스)",
    "boss_msg": "　　\\aA풍룡의 둥지 \\aG마이노 샤먼(잡보스) \\aA 등장하였습니다.",
    "loc_x": 34264,
    "loc_y": 32794,
    "loc_map": 15410,
    "day": "1,2,3,4,5,6,7",
    "hour": 13,
    "minute": 45
  },
  {
    "type": 70,
    "npcid": 7310147,
    "note": "마이노 샤먼(잡보스)",
    "boss_msg": "　　\\aA풍룡의 둥지 \\aG마이노 샤먼(잡보스) \\aA 등장하였습니다.",
    "loc_x": 34264,
    "loc_y": 32794,
    "loc_map": 15410,
    "day": "1,2,3,4,5,6,7",
    "hour": 14,
    "minute": 45
  },
  {
    "type": 71,
    "npcid": 7310147,
    "note": "마이노 샤먼(잡보스)",
    "boss_msg": "　　\\aA풍룡의 둥지 \\aG마이노 샤먼(잡보스) \\aA 등장하였습니다.",
    "loc_x": 34264,
    "loc_y": 32794,
    "loc_map": 15410,
    "day": "1,2,3,4,5,6,7",
    "hour": 15,
    "minute": 45
  },
  {
    "type": 72,
    "npcid": 7310147,
    "note": "마이노 샤먼(잡보스)",
    "boss_msg": "　　\\aA풍룡의 둥지 \\aG마이노 샤먼(잡보스) \\aA 등장하였습니다.",
    "loc_x": 34264,
    "loc_y": 32794,
    "loc_map": 15410,
    "day": "1,2,3,4,5,6,7",
    "hour": 16,
    "minute": 45
  },
  {
    "type": 73,
    "npcid": 7310147,
    "note": "마이노 샤먼(잡보스)",
    "boss_msg": "　　\\aA풍룡의 둥지 \\aG마이노 샤먼(잡보스) \\aA 등장하였습니다.",
    "loc_x": 34264,
    "loc_y": 32794,
    "loc_map": 15410,
    "day": "1,2,3,4,5,6,7",
    "hour": 17,
    "minute": 45
  },
  {
    "type": 74,
    "npcid": 7310147,
    "note": "마이노 샤먼(잡보스)",
    "boss_msg": "　　\\aA풍룡의 둥지 \\aG마이노 샤먼(잡보스) \\aA 등장하였습니다.",
    "loc_x": 34264,
    "loc_y": 32794,
    "loc_map": 15410,
    "day": "1,2,3,4,5,6,7",
    "hour": 18,
    "minute": 45
  },
  {
    "type": 75,
    "npcid": 7310147,
    "note": "마이노 샤먼(잡보스)",
    "boss_msg": "　　\\aA풍룡의 둥지 \\aG마이노 샤먼(잡보스) \\aA 등장하였습니다.",
    "loc_x": 34264,
    "loc_y": 32794,
    "loc_map": 15410,
    "day": "1,2,3,4,5,6,7",
    "hour": 19,
    "minute": 45
  },
  {
    "type": 76,
    "npcid": 7310147,
    "note": "마이노 샤먼(잡보스)",
    "boss_msg": "　　\\aA풍룡의 둥지 \\aG마이노 샤먼(잡보스) \\aA 등장하였습니다.",
    "loc_x": 34264,
    "loc_y": 32794,
    "loc_map": 15410,
    "day": "1,2,3,4,5,6,7",
    "hour": 20,
    "minute": 45
  },
  {
    "type": 77,
    "npcid": 7310147,
    "note": "마이노 샤먼(잡보스)",
    "boss_msg": "　　\\aA풍룡의 둥지 \\aG마이노 샤먼(잡보스) \\aA 등장하였습니다.",
    "loc_x": 34264,
    "loc_y": 32794,
    "loc_map": 15410,
    "day": "1,2,3,4,5,6,7",
    "hour": 21,
    "minute": 45
  },
  {
    "type": 78,
    "npcid": 7310147,
    "note": "마이노 샤먼(잡보스)",
    "boss_msg": "　　\\aA풍룡의 둥지 \\aG마이노 샤먼(잡보스) \\aA 등장하였습니다.",
    "loc_x": 34264,
    "loc_y": 32794,
    "loc_map": 15410,
    "day": "1,2,3,4,5,6,7",
    "hour": 22,
    "minute": 45
  },
  {
    "type": 79,
    "npcid": 7310147,
    "note": "마이노 샤먼(잡보스)",
    "boss_msg": "　　\\aA풍룡의 둥지 \\aG마이노 샤먼(잡보스) \\aA 등장하였습니다.",
    "loc_x": 34264,
    "loc_y": 32794,
    "loc_map": 15410,
    "day": "1,2,3,4,5,6,7",
    "hour": 23,
    "minute": 45
  },
  {
    "type": 80,
    "npcid": 5146,
    "note": "큰 발의 마요(잡보스)",
    "boss_msg": "　　\\aA오렌 설벽 \\aG큰발의 마요(잡보스) \\aA 등장하였습니다.",
    "loc_x": 34186,
    "loc_y": 32219,
    "loc_map": 15420,
    "day": "1,2,3,4,5,6,7",
    "hour": 1,
    "minute": 15
  },
  {
    "type": 81,
    "npcid": 5146,
    "note": "큰 발의 마요(잡보스)",
    "boss_msg": "　　\\aA오렌 설벽 \\aG큰발의 마요(잡보스) \\aA 등장하였습니다.",
    "loc_x": 34186,
    "loc_y": 32219,
    "loc_map": 15420,
    "day": "1,2,3,4,5,6,7",
    "hour": 2,
    "minute": 15
  },
  {
    "type": 82,
    "npcid": 5146,
    "note": "큰 발의 마요(잡보스)",
    "boss_msg": "　　\\aA오렌 설벽 \\aG큰발의 마요(잡보스) \\aA 등장하였습니다.",
    "loc_x": 34186,
    "loc_y": 32219,
    "loc_map": 15420,
    "day": "1,2,3,4,5,6,7",
    "hour": 3,
    "minute": 15
  },
  {
    "type": 83,
    "npcid": 5146,
    "note": "큰 발의 마요(잡보스)",
    "boss_msg": "　　\\aA오렌 설벽 \\aG큰발의 마요(잡보스) \\aA 등장하였습니다.",
    "loc_x": 34186,
    "loc_y": 32219,
    "loc_map": 15420,
    "day": "1,2,3,4,5,6,7",
    "hour": 4,
    "minute": 15
  },
  {
    "type": 84,
    "npcid": 5146,
    "note": "큰 발의 마요(잡보스)",
    "boss_msg": "　　\\aA오렌 설벽 \\aG큰발의 마요(잡보스) \\aA 등장하였습니다.",
    "loc_x": 34186,
    "loc_y": 32219,
    "loc_map": 15420,
    "day": "1,2,3,4,5,6,7",
    "hour": 5,
    "minute": 15
  },
  {
    "type": 85,
    "npcid": 5146,
    "note": "큰 발의 마요(잡보스)",
    "boss_msg": "　　\\aA오렌 설벽 \\aG큰발의 마요(잡보스) \\aA 등장하였습니다.",
    "loc_x": 34186,
    "loc_y": 32219,
    "loc_map": 15420,
    "day": "1,2,3,4,5,6,7",
    "hour": 6,
    "minute": 15
  },
  {
    "type": 86,
    "npcid": 5146,
    "note": "큰 발의 마요(잡보스)",
    "boss_msg": "　　\\aA오렌 설벽 \\aG큰발의 마요(잡보스) \\aA 등장하였습니다.",
    "loc_x": 34186,
    "loc_y": 32219,
    "loc_map": 15420,
    "day": "1,2,3,4,5,6,7",
    "hour": 7,
    "minute": 15
  },
  {
    "type": 87,
    "npcid": 5146,
    "note": "큰 발의 마요(잡보스)",
    "boss_msg": "　　\\aA오렌 설벽 \\aG큰발의 마요(잡보스) \\aA 등장하였습니다.",
    "loc_x": 34186,
    "loc_y": 32219,
    "loc_map": 15420,
    "day": "1,2,3,4,5,6,7",
    "hour": 8,
    "minute": 15
  },
  {
    "type": 88,
    "npcid": 5146,
    "note": "큰 발의 마요(잡보스)",
    "boss_msg": "　　\\aA오렌 설벽 \\aG큰발의 마요(잡보스) \\aA 등장하였습니다.",
    "loc_x": 34186,
    "loc_y": 32219,
    "loc_map": 15420,
    "day": "1,2,3,4,5,6,7",
    "hour": 9,
    "minute": 15
  },
  {
    "type": 89,
    "npcid": 5146,
    "note": "큰 발의 마요(잡보스)",
    "boss_msg": "　　\\aA오렌 설벽 \\aG큰발의 마요(잡보스) \\aA 등장하였습니다.",
    "loc_x": 34186,
    "loc_y": 32219,
    "loc_map": 15420,
    "day": "1,2,3,4,5,6,7",
    "hour": 10,
    "minute": 15
  },
  {
    "type": 90,
    "npcid": 5146,
    "note": "큰 발의 마요(잡보스)",
    "boss_msg": "　　\\aA오렌 설벽 \\aG큰발의 마요(잡보스) \\aA 등장하였습니다.",
    "loc_x": 34186,
    "loc_y": 32219,
    "loc_map": 15420,
    "day": "1,2,3,4,5,6,7",
    "hour": 11,
    "minute": 15
  },
  {
    "type": 91,
    "npcid": 5146,
    "note": "큰 발의 마요(잡보스)",
    "boss_msg": "　　\\aA오렌 설벽 \\aG큰발의 마요(잡보스) \\aA 등장하였습니다.",
    "loc_x": 34186,
    "loc_y": 32219,
    "loc_map": 15420,
    "day": "1,2,3,4,5,6,7",
    "hour": 12,
    "minute": 15
  },
  {
    "type": 92,
    "npcid": 5146,
    "note": "큰 발의 마요(잡보스)",
    "boss_msg": "　　\\aA오렌 설벽 \\aG큰발의 마요(잡보스) \\aA 등장하였습니다.",
    "loc_x": 34186,
    "loc_y": 32219,
    "loc_map": 15420,
    "day": "1,2,3,4,5,6,7",
    "hour": 13,
    "minute": 15
  },
  {
    "type": 93,
    "npcid": 5146,
    "note": "큰 발의 마요(잡보스)",
    "boss_msg": "　　\\aA오렌 설벽 \\aG큰발의 마요(잡보스) \\aA 등장하였습니다.",
    "loc_x": 34186,
    "loc_y": 32219,
    "loc_map": 15420,
    "day": "1,2,3,4,5,6,7",
    "hour": 14,
    "minute": 15
  },
  {
    "type": 94,
    "npcid": 5146,
    "note": "큰 발의 마요(잡보스)",
    "boss_msg": "　　\\aA오렌 설벽 \\aG큰발의 마요(잡보스) \\aA 등장하였습니다.",
    "loc_x": 34186,
    "loc_y": 32219,
    "loc_map": 15420,
    "day": "1,2,3,4,5,6,7",
    "hour": 15,
    "minute": 15
  },
  {
    "type": 95,
    "npcid": 5146,
    "note": "큰 발의 마요(잡보스)",
    "boss_msg": "　　\\aA오렌 설벽 \\aG큰발의 마요(잡보스) \\aA 등장하였습니다.",
    "loc_x": 34186,
    "loc_y": 32219,
    "loc_map": 15420,
    "day": "1,2,3,4,5,6,7",
    "hour": 16,
    "minute": 15
  },
  {
    "type": 34,
    "npcid": 8500111,
    "note": "오만한 우그누스[지배]",
    "boss_msg": "　　\\aA지배의탑 10층 \\aG오만한 우그누스\\aA 등장하였습니다.",
    "loc_x": 32806,
    "loc_y": 32782,
    "loc_map": 12861,
    "day": "1,2,3,4,5,6,7",
    "hour": 16,
    "minute": 30
  },
  {
    "type": 35,
    "npcid": 8500044,
    "note": "왜곡의 제니스 퀸 [지배]",
    "boss_msg": "　　\\aA지배의탑 1층 \\aG왜곡의 제니스 퀸\\aA 등장하였습니다.",
    "loc_x": 32819,
    "loc_y": 32801,
    "loc_map": 12852,
    "day": "1,2,3,4,5,6,7",
    "hour": 21,
    "minute": 30
  },
  {
    "type": 36,
    "npcid": 8500049,
    "note": "불신의 시어[지배]",
    "boss_msg": "　　\\aA지배의탑 2층 \\aG불신의 시어 \\aA 등장하였습니다.",
    "loc_x": 32800,
    "loc_y": 32798,
    "loc_map": 12853,
    "day": "1,2,3,4,5,6,7",
    "hour": 21,
    "minute": 30
  },
  {
    "type": 37,
    "npcid": 8500060,
    "note": "공포의 뱀파이어 [지배]",
    "boss_msg": "　　\\aA지배의탑 3층 \\aG공포의 뱀파이어 \\aA 등장하였습니다.",
    "loc_x": 32814,
    "loc_y": 32794,
    "loc_map": 12854,
    "day": "1,2,3,4,5,6,7",
    "hour": 22,
    "minute": 0
  },
  {
    "type": 38,
    "npcid": 8500063,
    "note": "죽음의 좀비로드[지배]",
    "boss_msg": "　　\\aA지배의탑 4층 \\aG죽음의 좀비로드 \\aA 등장하였습니다.",
    "loc_x": 32680,
    "loc_y": 32863,
    "loc_map": 12855,
    "day": "1,2,3,4,5,6,7",
    "hour": 22,
    "minute": 0
  },
  {
    "type": 39,
    "npcid": 8500071,
    "note": "지옥의 쿠거[지배]",
    "boss_msg": "　　\\aA지배의탑 5층 \\aG지옥의 쿠거 \\aA 등장하였습니다.",
    "loc_x": 32672,
    "loc_y": 32858,
    "loc_map": 12856,
    "day": "1,2,3,4,5,6,7",
    "hour": 22,
    "minute": 30
  },
  {
    "type": 40,
    "npcid": 8500081,
    "note": "불사의 머미로드 [지배]",
    "boss_msg": "　　\\aA지배의탑 6층 \\aG불사의 머미로드 \\aA 등장하였습니다.",
    "loc_x": 32671,
    "loc_y": 32854,
    "loc_map": 12857,
    "day": "1,2,3,4,5,6,7",
    "hour": 22,
    "minute": 30
  },
  {
    "type": 41,
    "npcid": 8500090,
    "note": "잔혹한 아이리스 [지배]",
    "boss_msg": "　　\\aA지배의탑 7층 \\aG잔혹한 아이리스 \\aA 등장하였습니다.",
    "loc_x": 32673,
    "loc_y": 32855,
    "loc_map": 12858,
    "day": "1,2,3,4,5,6,7",
    "hour": 23,
    "minute": 0
  },
  {
    "type": 42,
    "npcid": 8500095,
    "note": "어둠의 나이트 발드[지배]",
    "boss_msg": "　　\\aA지배의탑 8층 \\aG어둠의 나이트 발드\\aA 등장하였습니다.",
    "loc_x": 32669,
    "loc_y": 32840,
    "loc_map": 12859,
    "day": "1,2,3,4,5,6,7",
    "hour": 23,
    "minute": 0
  },
  {
    "type": 43,
    "npcid": 8500105,
    "note": "불멸의 리치[지배]",
    "boss_msg": "　　\\aA지배의탑 9층 \\aG불멸의 리치 \\aA 등장하였습니다.",
    "loc_x": 32677,
    "loc_y": 32850,
    "loc_map": 12860,
    "day": "1,2,3,4,5,6,7",
    "hour": 23,
    "minute": 30
  },
  {
    "type": 44,
    "npcid": 8500111,
    "note": "오만한 우그누스[지배]",
    "boss_msg": "　　\\aA지배의탑 10층 \\aG오만한 우그누스\\aA 등장하였습니다.",
    "loc_x": 32806,
    "loc_y": 32782,
    "loc_map": 12861,
    "day": "1,2,3,4,5,6,7",
    "hour": 23,
    "minute": 30
  },
  {
    "type": 45,
    "npcid": 45617,
    "note": "피닉스(화룡의 둥지)",
    "boss_msg": "　　\\aA화룡의 둥지 \\aG피닉스 \\aA 등장하였습니다.",
    "loc_x": 33724,
    "loc_y": 32259,
    "loc_map": 15440,
    "day": "1,2,3,4,5,6,7",
    "hour": 3,
    "minute": 10
  },
  {
    "type": 46,
    "npcid": 45600,
    "note": "커츠 (죽음의 폐허)",
    "boss_msg": "　　\\aA죽음의 폐허 \\aG커츠 \\aA 등장하였습니다.",
    "loc_x": 32879,
    "loc_y": 32636,
    "loc_map": 4,
    "day": "1,2,3,4,5,6,7",
    "hour": 4,
    "minute": 10
  },
  {
    "type": 47,
    "npcid": 45601,
    "note": "데스나이트(본토던전7층)",
    "boss_msg": "　　\\aA본토 던전7층 \\aG데스 나이트\\aA 등장하였습니다.",
    "loc_x": 32775,
    "loc_y": 32785,
    "loc_map": 813,
    "day": "1,2,3,4,5,6,7",
    "hour": 5,
    "minute": 10
  },
  {
    "type": 48,
    "npcid": 45610,
    "note": "거인 모닝스(황혼의 산맥)",
    "boss_msg": "　　\\aA황혼의 산맥 \\aG모닝스타 \\aA 등장하였습니다.",
    "loc_x": 34241,
    "loc_y": 33368,
    "loc_map": 4,
    "day": "1,2,3,4,5,6,7",
    "hour": 6,
    "minute": 10
  },
  {
    "type": 49,
    "npcid": 45617,
    "note": "피닉스(화룡의 둥지)",
    "boss_msg": "　　\\aA화룡의 둥지 \\aG피닉스 \\aA 등장하였습니다.",
    "loc_x": 33724,
    "loc_y": 32259,
    "loc_map": 15440,
    "day": "1,2,3,4,5,6,7",
    "hour": 11,
    "minute": 10
  },
  {
    "type": 50,
    "npcid": 45600,
    "note": "커츠 (죽음의 폐허)",
    "boss_msg": "　　\\aA죽음의 폐허 \\aG커츠 \\aA 등장하였습니다.",
    "loc_x": 32879,
    "loc_y": 32636,
    "loc_map": 4,
    "day": "1,2,3,4,5,6,7",
    "hour": 12,
    "minute": 10
  },
  {
    "type": 51,
    "npcid": 45601,
    "note": "데스나이트(본토던전7층)",
    "boss_msg": "　　\\aA본토 던전7층 \\aG데스 나이트\\aA 등장하였습니다.",
    "loc_x": 32775,
    "loc_y": 32785,
    "loc_map": 813,
    "day": "1,2,3,4,5,6,7",
    "hour": 13,
    "minute": 10
  },
  {
    "type": 52,
    "npcid": 45610,
    "note": "거인 모닝스(황혼의 산맥)",
    "boss_msg": "　　\\aA황혼의 산맥 \\aG모닝스타 \\aA 등장하였습니다.",
    "loc_x": 34241,
    "loc_y": 33368,
    "loc_map": 4,
    "day": "1,2,3,4,5,6,7",
    "hour": 14,
    "minute": 10
  },
  {
    "type": 53,
    "npcid": 45617,
    "note": "피닉스(화룡의 둥지)",
    "boss_msg": "　　\\aA화룡의 둥지 \\aG피닉스 \\aA 등장하였습니다.",
    "loc_x": 33724,
    "loc_y": 32259,
    "loc_map": 15440,
    "day": "1,2,3,4,5,6,7",
    "hour": 19,
    "minute": 10
  },
  {
    "type": 54,
    "npcid": 45600,
    "note": "커츠 (죽음의 폐허)",
    "boss_msg": "　　\\aA죽음의 폐허 \\aG커츠 \\aA 등장하였습니다.",
    "loc_x": 32879,
    "loc_y": 32636,
    "loc_map": 4,
    "day": "1,2,3,4,5,6,7",
    "hour": 20,
    "minute": 10
  },
  {
    "type": 55,
    "npcid": 45601,
    "note": "데스나이트(본토던전7층)",
    "boss_msg": "　　\\aA본토 던전7층 \\aG데스 나이트\\aA 등장하였습니다.",
    "loc_x": 32775,
    "loc_y": 32785,
    "loc_map": 813,
    "day": "1,2,3,4,5,6,7",
    "hour": 21,
    "minute": 10
  },
  {
    "type": 56,
    "npcid": 45610,
    "note": "거인 모닝스(황혼의 산맥)",
    "boss_msg": "　　\\aA황혼의 산맥 \\aG모닝스타 \\aA 등장하였습니다.",
    "loc_x": 34241,
    "loc_y": 33368,
    "loc_map": 4,
    "day": "1,2,3,4,5,6,7",
    "hour": 22,
    "minute": 10
  },
  {
    "type": 57,
    "npcid": 7310147,
    "note": "마이노 샤먼(잡보스)",
    "boss_msg": "　　\\aA풍룡의 둥지 \\aG마이노 샤먼(잡보스) \\aA 등장하였습니다.",
    "loc_x": 34264,
    "loc_y": 32794,
    "loc_map": 15410,
    "day": "1,2,3,4,5,6,7",
    "hour": 1,
    "minute": 45
  },
  {
    "type": 58,
    "npcid": 7310147,
    "note": "마이노 샤먼(잡보스)",
    "boss_msg": "　　\\aA풍룡의 둥지 \\aG마이노 샤먼(잡보스) \\aA 등장하였습니다.",
    "loc_x": 34264,
    "loc_y": 32794,
    "loc_map": 15410,
    "day": "1,2,3,4,5,6,7",
    "hour": 2,
    "minute": 45
  },
  {
    "type": 59,
    "npcid": 7310147,
    "note": "마이노 샤먼(잡보스)",
    "boss_msg": "　　\\aA풍룡의 둥지 \\aG마이노 샤먼(잡보스) \\aA 등장하였습니다.",
    "loc_x": 34264,
    "loc_y": 32794,
    "loc_map": 15410,
    "day": "1,2,3,4,5,6,7",
    "hour": 3,
    "minute": 45
  },
  {
    "type": 60,
    "npcid": 7310147,
    "note": "마이노 샤먼(잡보스)",
    "boss_msg": "　　\\aA풍룡의 둥지 \\aG마이노 샤먼(잡보스) \\aA 등장하였습니다.",
    "loc_x": 34264,
    "loc_y": 32794,
    "loc_map": 15410,
    "day": "1,2,3,4,5,6,7",
    "hour": 4,
    "minute": 45
  },
  {
    "type": 61,
    "npcid": 7310147,
    "note": "마이노 샤먼(잡보스)",
    "boss_msg": "　　\\aA풍룡의 둥지 \\aG마이노 샤먼(잡보스) \\aA 등장하였습니다.",
    "loc_x": 34264,
    "loc_y": 32794,
    "loc_map": 15410,
    "day": "1,2,3,4,5,6,7",
    "hour": 5,
    "minute": 45
  },
  {
    "type": 62,
    "npcid": 7310147,
    "note": "마이노 샤먼(잡보스)",
    "boss_msg": "　　\\aA풍룡의 둥지 \\aG마이노 샤먼(잡보스) \\aA 등장하였습니다.",
    "loc_x": 34264,
    "loc_y": 32794,
    "loc_map": 15410,
    "day": "1,2,3,4,5,6,7",
    "hour": 6,
    "minute": 45
  },
  {
    "type": 63,
    "npcid": 7310147,
    "note": "마이노 샤먼(잡보스)",
    "boss_msg": "　　\\aA풍룡의 둥지 \\aG마이노 샤먼(잡보스) \\aA 등장하였습니다.",
    "loc_x": 34264,
    "loc_y": 32794,
    "loc_map": 15410,
    "day": "1,2,3,4,5,6,7",
    "hour": 7,
    "minute": 45
  },
  {
    "type": 64,
    "npcid": 7310147,
    "note": "마이노 샤먼(잡보스)",
    "boss_msg": "　　\\aA풍룡의 둥지 \\aG마이노 샤먼(잡보스) \\aA 등장하였습니다.",
    "loc_x": 34264,
    "loc_y": 32794,
    "loc_map": 15410,
    "day": "1,2,3,4,5,6,7",
    "hour": 8,
    "minute": 45
  },
  {
    "type": 4,
    "npcid": 45752,
    "note": "발록(월드보스)",
    "boss_msg": "　　\\aA월드보스 \\aG발록 \\aA 등장하였습니다.",
    "loc_x": 32731,
    "loc_y": 32864,
    "loc_map": 15404,
    "day": "1,2,3,4,5,6,7",
    "hour": 20,
    "minute": 5
  },
  {
    "type": 5,
    "npcid": 7310015,
    "note": "왜곡의 제니스 퀸(오만)",
    "boss_msg": "　　\\aA오만의탑 1층 \\aG왜곡의 제니스 퀸(분신) \\aA 등장하였습니다.",
    "loc_x": 32796,
    "loc_y": 32799,
    "loc_map": 101,
    "day": "1,2,3,4,5,6,7",
    "hour": 12,
    "minute": 0
  },
  {
    "type": 6,
    "npcid": 7310021,
    "note": "불신의 시어(오만)",
    "boss_msg": "　　\\aA오만의탑 2층 \\aG불신의 시어(분신) \\aA 등장하였습니다.",
    "loc_x": 32796,
    "loc_y": 32799,
    "loc_map": 102,
    "day": "1,2,3,4,5,6,7",
    "hour": 12,
    "minute": 0
  },
  {
    "type": 7,
    "npcid": 7310028,
    "note": "공포의 뱀파이어(오만)",
    "boss_msg": "　　\\aA오만의탑 3층 \\aG공포의 뱀파이어(분신) \\aA 등장하였습니다.",
    "loc_x": 32796,
    "loc_y": 32799,
    "loc_map": 103,
    "day": "1,2,3,4,5,6,7",
    "hour": 12,
    "minute": 30
  },
  {
    "type": 8,
    "npcid": 7310034,
    "note": "죽음의 좀비로드(오만)",
    "boss_msg": "　　\\aA오만의탑 4층 \\aG죽음의 좀비로드(분신) \\aA 등장하였습니다.",
    "loc_x": 32668,
    "loc_y": 32863,
    "loc_map": 104,
    "day": "1,2,3,4,5,6,7",
    "hour": 12,
    "minute": 30
  },
  {
    "type": 9,
    "npcid": 7310041,
    "note": "지옥의 쿠거(오만)",
    "boss_msg": "　　\\aA오만의탑 5층 \\aG지옥의 쿠거(분신) \\aA 등장하였습니다.",
    "loc_x": 32668,
    "loc_y": 32863,
    "loc_map": 105,
    "day": "1,2,3,4,5,6,7",
    "hour": 13,
    "minute": 0
  },
  {
    "type": 10,
    "npcid": 7310046,
    "note": "불사의 머미로드(오만)",
    "boss_msg": "　　\\aA오만의탑 6층 \\aG불사의 머미로드(분신) \\aA 등장하였습니다.",
    "loc_x": 32717,
    "loc_y": 32871,
    "loc_map": 106,
    "day": "1,2,3,4,5,6,7",
    "hour": 13,
    "minute": 0
  },
  {
    "type": 11,
    "npcid": 7310051,
    "note": "잔혹한 아이리스(오만)",
    "boss_msg": "　　\\aA오만의탑 7층 \\aG잔혹한 아이리스(분신) \\aA 등장하였습니다.",
    "loc_x": 32671,
    "loc_y": 32854,
    "loc_map": 107,
    "day": "1,2,3,4,5,6,7",
    "hour": 13,
    "minute": 30
  },
  {
    "type": 12,
    "npcid": 7310056,
    "note": "어둠의 나이트 발드(오만)",
    "boss_msg": "　　\\aA오만의탑 8층 \\aG어둠의 나이트 발드(분신)\\aA 등장하였습니다.",
    "loc_x": 32669,
    "loc_y": 32860,
    "loc_map": 108,
    "day": "1,2,3,4,5,6,7",
    "hour": 13,
    "minute": 30
  },
  {
    "type": 13,
    "npcid": 7310061,
    "note": "불멸의 리치(오만)",
    "boss_msg": "　　\\aA오만의탑 9층 \\aG불멸의 리치(분신) \\aA 등장하였습니다.",
    "loc_x": 32667,
    "loc_y": 32863,
    "loc_map": 109,
    "day": "1,2,3,4,5,6,7",
    "hour": 14,
    "minute": 0
  },
  {
    "type": 14,
    "npcid": 7310066,
    "note": "오만한 우그누스(오만)",
    "boss_msg": "　　\\aA오만의탑 10층 \\aG오만한 우그누스(분신) \\aA 등장하였습니다.",
    "loc_x": 32794,
    "loc_y": 32801,
    "loc_map": 110,
    "day": "1,2,3,4,5,6,7",
    "hour": 14,
    "minute": 0
  },
  {
    "type": 15,
    "npcid": 7310015,
    "note": "왜곡의 제니스 퀸(오만)",
    "boss_msg": "　　\\aA오만의탑 1층 \\aG왜곡의 제니스 퀸(분신) \\aA 등장하였습니다.",
    "loc_x": 32796,
    "loc_y": 32799,
    "loc_map": 101,
    "day": "1,2,3,4,5,6,7",
    "hour": 19,
    "minute": 0
  },
  {
    "type": 16,
    "npcid": 7310021,
    "note": "불신의 시어(오만)",
    "boss_msg": "　　\\aA오만의탑 2층 \\aG불신의 시어(분신) \\aA 등장하였습니다.",
    "loc_x": 32796,
    "loc_y": 32799,
    "loc_map": 102,
    "day": "1,2,3,4,5,6,7",
    "hour": 19,
    "minute": 0
  },
  {
    "type": 17,
    "npcid": 7310028,
    "note": "공포의 뱀파이어(오만)",
    "boss_msg": "　　\\aA오만의탑 3층 \\aG공포의 뱀파이어(분신) \\aA 등장하였습니다.",
    "loc_x": 32796,
    "loc_y": 32799,
    "loc_map": 103,
    "day": "1,2,3,4,5,6,7",
    "hour": 19,
    "minute": 30
  },
  {
    "type": 18,
    "npcid": 7310034,
    "note": "죽음의 좀비로드(오만)",
    "boss_msg": "　　\\aA오만의탑 4층 \\aG죽음의 좀비로드(분신) \\aA 등장하였습니다.",
    "loc_x": 32668,
    "loc_y": 32863,
    "loc_map": 104,
    "day": "1,2,3,4,5,6,7",
    "hour": 19,
    "minute": 30
  },
  {
    "type": 19,
    "npcid": 7310041,
    "note": "지옥의 쿠거(오만)",
    "boss_msg": "　　\\aA오만의탑 5층 \\aG지옥의 쿠거(분신) \\aA 등장하였습니다.",
    "loc_x": 32668,
    "loc_y": 32863,
    "loc_map": 105,
    "day": "1,2,3,4,5,6,7",
    "hour": 20,
    "minute": 0
  },
  {
    "type": 20,
    "npcid": 7310046,
    "note": "불사의 머미로드(오만)",
    "boss_msg": "　　\\aA오만의탑 6층 \\aG불사의 머미로드(분신) \\aA 등장하였습니다.",
    "loc_x": 32717,
    "loc_y": 32871,
    "loc_map": 106,
    "day": "1,2,3,4,5,6,7",
    "hour": 20,
    "minute": 0
  },
  {
    "type": 21,
    "npcid": 7310051,
    "note": "잔혹한 아이리스(오만)",
    "boss_msg": "　　\\aA오만의탑 7층 \\aG잔혹한 아이리스(분신) \\aA 등장하였습니다.",
    "loc_x": 32671,
    "loc_y": 32854,
    "loc_map": 107,
    "day": "1,2,3,4,5,6,7",
    "hour": 20,
    "minute": 30
  },
  {
    "type": 22,
    "npcid": 7310056,
    "note": "어둠의 나이트 발드(오만)",
    "boss_msg": "　　\\aA오만의탑 8층 \\aG어둠의 나이트 발드(분신)\\aA 등장하였습니다.",
    "loc_x": 32669,
    "loc_y": 32860,
    "loc_map": 108,
    "day": "1,2,3,4,5,6,7",
    "hour": 20,
    "minute": 30
  },
  {
    "type": 23,
    "npcid": 7310061,
    "note": "불멸의 리치(오만)",
    "boss_msg": "　　\\aA오만의탑 9층 \\aG불멸의 리치(분신) \\aA 등장하였습니다.",
    "loc_x": 32667,
    "loc_y": 32863,
    "loc_map": 109,
    "day": "1,2,3,4,5,6,7",
    "hour": 21,
    "minute": 0
  },
  {
    "type": 24,
    "npcid": 7310066,
    "note": "오만한 우그누스(오만)",
    "boss_msg": "　　\\aA오만의탑 10층 \\aG오만한 우그누스(분신) \\aA 등장하였습니다.",
    "loc_x": 32794,
    "loc_y": 32801,
    "loc_map": 110,
    "day": "1,2,3,4,5,6,7",
    "hour": 21,
    "minute": 0
  },
  {
    "type": 25,
    "npcid": 8500044,
    "note": "왜곡의 제니스 퀸 [지배]",
    "boss_msg": "　　\\aA지배의탑 1층 \\aG왜곡의 제니스 퀸\\aA 등장하였습니다.",
    "loc_x": 32819,
    "loc_y": 32801,
    "loc_map": 12852,
    "day": "1,2,3,4,5,6,7",
    "hour": 14,
    "minute": 30
  },
  {
    "type": 26,
    "npcid": 8500049,
    "note": "불신의 시어[지배]",
    "boss_msg": "　　\\aA지배의탑 2층 \\aG불신의 시어 \\aA 등장하였습니다.",
    "loc_x": 32800,
    "loc_y": 32798,
    "loc_map": 12853,
    "day": "1,2,3,4,5,6,7",
    "hour": 14,
    "minute": 30
  },
  {
    "type": 27,
    "npcid": 8500060,
    "note": "공포의 뱀파이어 [지배]",
    "boss_msg": "　　\\aA지배의탑 3층 \\aG공포의 뱀파이어 \\aA 등장하였습니다.",
    "loc_x": 32814,
    "loc_y": 32794,
    "loc_map": 12854,
    "day": "1,2,3,4,5,6,7",
    "hour": 15,
    "minute": 0
  },
  {
    "type": 28,
    "npcid": 8500063,
    "note": "죽음의 좀비로드[지배]",
    "boss_msg": "　　\\aA지배의탑 4층 \\aG죽음의 좀비로드 \\aA 등장하였습니다.",
    "loc_x": 32680,
    "loc_y": 32863,
    "loc_map": 12855,
    "day": "1,2,3,4,5,6,7",
    "hour": 15,
    "minute": 0
  },
  {
    "type": 29,
    "npcid": 8500071,
    "note": "지옥의 쿠거[지배]",
    "boss_msg": "　　\\aA지배의탑 5층 \\aG지옥의 쿠거 \\aA 등장하였습니다.",
    "loc_x": 32672,
    "loc_y": 32858,
    "loc_map": 12856,
    "day": "1,2,3,4,5,6,7",
    "hour": 15,
    "minute": 30
  },
  {
    "type": 30,
    "npcid": 8500081,
    "note": "불사의 머미로드 [지배]",
    "boss_msg": "　　\\aA지배의탑 6층 \\aG불사의 머미로드 \\aA 등장하였습니다.",
    "loc_x": 32671,
    "loc_y": 32854,
    "loc_map": 12857,
    "day": "1,2,3,4,5,6,7",
    "hour": 15,
    "minute": 30
  },
  {
    "type": 31,
    "npcid": 8500090,
    "note": "잔혹한 아이리스 [지배]",
    "boss_msg": "　　\\aA지배의탑 7층 \\aG잔혹한 아이리스 \\aA 등장하였습니다.",
    "loc_x": 32673,
    "loc_y": 32855,
    "loc_map": 12858,
    "day": "1,2,3,4,5,6,7",
    "hour": 16,
    "minute": 0
  },
  {
    "type": 32,
    "npcid": 8500095,
    "note": "어둠의 나이트 발드[지배]",
    "boss_msg": "　　\\aA지배의탑 8층 \\aG어둠의 나이트 발드\\aA 등장하였습니다.",
    "loc_x": 32669,
    "loc_y": 32840,
    "loc_map": 12859,
    "day": "1,2,3,4,5,6,7",
    "hour": 16,
    "minute": 0
  },
  {
    "type": 33,
    "npcid": 8500105,
    "note": "불멸의 리치[지배]",
    "boss_msg": "　　\\aA지배의탑 9층 \\aG불멸의 리치 \\aA 등장하였습니다.",
    "loc_x": 32677,
    "loc_y": 32850,
    "loc_map": 12860,
    "day": "1,2,3,4,5,6,7",
    "hour": 16,
    "minute": 30
  },
  {
    "type": 1,
    "npcid": 81163,
    "note": "기르타스(월드보스)",
    "boss_msg": "　　\\aA월드보스 \\aG기르타스\\aA 등장하였습니다.",
    "loc_x": 32609,
    "loc_y": 32750,
    "loc_map": 5167,
    "day": "1,2,3,4,5,6,7",
    "hour": 21,
    "minute": 5
  },
  {
    "type": 2,
    "npcid": 8500129,
    "note": "지배 그림 리퍼(월드보스)",
    "boss_msg": "　　\\aA월드보스 \\aG사신 그림리퍼(지배) \\aA 등장하였습니다.",
    "loc_x": 32737,
    "loc_y": 32883,
    "loc_map": 12862,
    "day": "1,2,3,4,5,6,7",
    "hour": 0,
    "minute": 0
  },
  {
    "type": 3,
    "npcid": 7310077,
    "note": "오만 그림 리퍼(월드보스)",
    "boss_msg": "　　\\aA월드보스 \\aG사신 그림 리퍼(분신)\\aA 등장하였습니다.",
    "loc_x": 32692,
    "loc_y": 32901,
    "loc_map": 111,
    "day": "1,2,3,4,5,6,7",
    "hour": 22,
    "minute": 20
  },
  {
    "type": 199,
    "npcid": 5146,
    "note": "큰 발의 마요(잡보스)",
    "boss_msg": "　　\\aA오렌 설벽 \\aG큰발의 마요(잡보스) \\aA 등장하였습니다.",
    "loc_x": 34186,
    "loc_y": 32219,
    "loc_map": 15420,
    "day": "1,2,3,4,5,6,7",
    "hour": 19,
    "minute": 45
  },
  {
    "type": 102,
    "npcid": 81163,
    "note": "기르타스(월드보스)",
    "boss_msg": "　　\\aA월드보스 \\aG기르타스\\aA 등장하였습니다.",
    "loc_x": 32609,
    "loc_y": 32750,
    "loc_map": 5167,
    "day": "1,2,3,4,5,6,7",
    "hour": 9,
    "minute": 5
  },
  {
    "type": 103,
    "npcid": 8500129,
    "note": "지배 그림 리퍼(월드보스)",
    "boss_msg": "　　\\aA월드보스 \\aG사신 그림리퍼(지배) \\aA 등장하였습니다.",
    "loc_x": 32737,
    "loc_y": 32883,
    "loc_map": 12862,
    "day": "1,2,3,4,5,6,7",
    "hour": 18,
    "minute": 0
  },
  {
    "type": 104,
    "npcid": 7310077,
    "note": "오만 그림 리퍼(월드보스)",
    "boss_msg": "　　\\aA월드보스 \\aG사신 그림 리퍼(분신)\\aA 등장하였습니다.",
    "loc_x": 32692,
    "loc_y": 32901,
    "loc_map": 111,
    "day": "1,2,3,4,5,6,7",
    "hour": 10,
    "minute": 20
  },
  {
    "type": 105,
    "npcid": 45752,
    "note": "발록(월드보스)",
    "boss_msg": "　　\\aA월드보스 \\aG발록 \\aA 등장하였습니다.",
    "loc_x": 32731,
    "loc_y": 32864,
    "loc_map": 15404,
    "day": "1,2,3,4,5,6,7",
    "hour": 8,
    "minute": 5
  },
  {
    "type": 106,
    "npcid": 7310015,
    "note": "왜곡의 제니스 퀸(오만)",
    "boss_msg": "　　\\aA오만의탑 1층 \\aG왜곡의 제니스 퀸(분신) \\aA 등장하였습니다.",
    "loc_x": 32796,
    "loc_y": 32799,
    "loc_map": 101,
    "day": "1,2,3,4,5,6,7",
    "hour": 12,
    "minute": 15
  },
  {
    "type": 107,
    "npcid": 7310021,
    "note": "불신의 시어(오만)",
    "boss_msg": "　　\\aA오만의탑 2층 \\aG불신의 시어(분신) \\aA 등장하였습니다.",
    "loc_x": 32796,
    "loc_y": 32799,
    "loc_map": 102,
    "day": "1,2,3,4,5,6,7",
    "hour": 12,
    "minute": 15
  },
  {
    "type": 108,
    "npcid": 7310028,
    "note": "공포의 뱀파이어(오만)",
    "boss_msg": "　　\\aA오만의탑 3층 \\aG공포의 뱀파이어(분신) \\aA 등장하였습니다.",
    "loc_x": 32796,
    "loc_y": 32799,
    "loc_map": 103,
    "day": "1,2,3,4,5,6,7",
    "hour": 12,
    "minute": 45
  },
  {
    "type": 109,
    "npcid": 7310034,
    "note": "죽음의 좀비로드(오만)",
    "boss_msg": "　　\\aA오만의탑 4층 \\aG죽음의 좀비로드(분신) \\aA 등장하였습니다.",
    "loc_x": 32668,
    "loc_y": 32863,
    "loc_map": 104,
    "day": "1,2,3,4,5,6,7",
    "hour": 12,
    "minute": 45
  },
  {
    "type": 110,
    "npcid": 7310041,
    "note": "지옥의 쿠거(오만)",
    "boss_msg": "　　\\aA오만의탑 5층 \\aG지옥의 쿠거(분신) \\aA 등장하였습니다.",
    "loc_x": 32668,
    "loc_y": 32863,
    "loc_map": 105,
    "day": "1,2,3,4,5,6,7",
    "hour": 13,
    "minute": 15
  },
  {
    "type": 111,
    "npcid": 7310046,
    "note": "불사의 머미로드(오만)",
    "boss_msg": "　　\\aA오만의탑 6층 \\aG불사의 머미로드(분신) \\aA 등장하였습니다.",
    "loc_x": 32717,
    "loc_y": 32871,
    "loc_map": 106,
    "day": "1,2,3,4,5,6,7",
    "hour": 13,
    "minute": 15
  },
  {
    "type": 112,
    "npcid": 7310051,
    "note": "잔혹한 아이리스(오만)",
    "boss_msg": "　　\\aA오만의탑 7층 \\aG잔혹한 아이리스(분신) \\aA 등장하였습니다.",
    "loc_x": 32671,
    "loc_y": 32854,
    "loc_map": 107,
    "day": "1,2,3,4,5,6,7",
    "hour": 13,
    "minute": 45
  },
  {
    "type": 113,
    "npcid": 7310056,
    "note": "어둠의 나이트 발드(오만)",
    "boss_msg": "　　\\aA오만의탑 8층 \\aG어둠의 나이트 발드(분신)\\aA 등장하였습니다.",
    "loc_x": 32669,
    "loc_y": 32860,
    "loc_map": 108,
    "day": "1,2,3,4,5,6,7",
    "hour": 13,
    "minute": 45
  },
  {
    "type": 114,
    "npcid": 7310061,
    "note": "불멸의 리치(오만)",
    "boss_msg": "　　\\aA오만의탑 9층 \\aG불멸의 리치(분신) \\aA 등장하였습니다.",
    "loc_x": 32667,
    "loc_y": 32863,
    "loc_map": 109,
    "day": "1,2,3,4,5,6,7",
    "hour": 14,
    "minute": 15
  },
  {
    "type": 115,
    "npcid": 7310066,
    "note": "오만한 우그누스(오만)",
    "boss_msg": "　　\\aA오만의탑 10층 \\aG오만한 우그누스(분신) \\aA 등장하였습니다.",
    "loc_x": 32794,
    "loc_y": 32801,
    "loc_map": 110,
    "day": "1,2,3,4,5,6,7",
    "hour": 14,
    "minute": 15
  },
  {
    "type": 116,
    "npcid": 7310015,
    "note": "왜곡의 제니스 퀸(오만)",
    "boss_msg": "　　\\aA오만의탑 1층 \\aG왜곡의 제니스 퀸(분신) \\aA 등장하였습니다.",
    "loc_x": 32796,
    "loc_y": 32799,
    "loc_map": 101,
    "day": "1,2,3,4,5,6,7",
    "hour": 19,
    "minute": 15
  },
  {
    "type": 117,
    "npcid": 7310021,
    "note": "불신의 시어(오만)",
    "boss_msg": "　　\\aA오만의탑 2층 \\aG불신의 시어(분신) \\aA 등장하였습니다.",
    "loc_x": 32796,
    "loc_y": 32799,
    "loc_map": 102,
    "day": "1,2,3,4,5,6,7",
    "hour": 19,
    "minute": 15
  },
  {
    "type": 118,
    "npcid": 7310028,
    "note": "공포의 뱀파이어(오만)",
    "boss_msg": "　　\\aA오만의탑 3층 \\aG공포의 뱀파이어(분신) \\aA 등장하였습니다.",
    "loc_x": 32796,
    "loc_y": 32799,
    "loc_map": 103,
    "day": "1,2,3,4,5,6,7",
    "hour": 19,
    "minute": 45
  },
  {
    "type": 119,
    "npcid": 7310034,
    "note": "죽음의 좀비로드(오만)",
    "boss_msg": "　　\\aA오만의탑 4층 \\aG죽음의 좀비로드(분신) \\aA 등장하였습니다.",
    "loc_x": 32668,
    "loc_y": 32863,
    "loc_map": 104,
    "day": "1,2,3,4,5,6,7",
    "hour": 19,
    "minute": 45
  },
  {
    "type": 120,
    "npcid": 7310041,
    "note": "지옥의 쿠거(오만)",
    "boss_msg": "　　\\aA오만의탑 5층 \\aG지옥의 쿠거(분신) \\aA 등장하였습니다.",
    "loc_x": 32668,
    "loc_y": 32863,
    "loc_map": 105,
    "day": "1,2,3,4,5,6,7",
    "hour": 20,
    "minute": 15
  },
  {
    "type": 121,
    "npcid": 7310046,
    "note": "불사의 머미로드(오만)",
    "boss_msg": "　　\\aA오만의탑 6층 \\aG불사의 머미로드(분신) \\aA 등장하였습니다.",
    "loc_x": 32717,
    "loc_y": 32871,
    "loc_map": 106,
    "day": "1,2,3,4,5,6,7",
    "hour": 20,
    "minute": 15
  },
  {
    "type": 122,
    "npcid": 7310051,
    "note": "잔혹한 아이리스(오만)",
    "boss_msg": "　　\\aA오만의탑 7층 \\aG잔혹한 아이리스(분신) \\aA 등장하였습니다.",
    "loc_x": 32671,
    "loc_y": 32854,
    "loc_map": 107,
    "day": "1,2,3,4,5,6,7",
    "hour": 20,
    "minute": 45
  },
  {
    "type": 123,
    "npcid": 7310056,
    "note": "어둠의 나이트 발드(오만)",
    "boss_msg": "　　\\aA오만의탑 8층 \\aG어둠의 나이트 발드(분신)\\aA 등장하였습니다.",
    "loc_x": 32669,
    "loc_y": 32860,
    "loc_map": 108,
    "day": "1,2,3,4,5,6,7",
    "hour": 20,
    "minute": 45
  },
  {
    "type": 124,
    "npcid": 7310061,
    "note": "불멸의 리치(오만)",
    "boss_msg": "　　\\aA오만의탑 9층 \\aG불멸의 리치(분신) \\aA 등장하였습니다.",
    "loc_x": 32667,
    "loc_y": 32863,
    "loc_map": 109,
    "day": "1,2,3,4,5,6,7",
    "hour": 21,
    "minute": 15
  },
  {
    "type": 125,
    "npcid": 7310066,
    "note": "오만한 우그누스(오만)",
    "boss_msg": "　　\\aA오만의탑 10층 \\aG오만한 우그누스(분신) \\aA 등장하였습니다.",
    "loc_x": 32794,
    "loc_y": 32801,
    "loc_map": 110,
    "day": "1,2,3,4,5,6,7",
    "hour": 21,
    "minute": 15
  },
  {
    "type": 126,
    "npcid": 8500044,
    "note": "왜곡의 제니스 퀸 [지배]",
    "boss_msg": "　　\\aA지배의탑 1층 \\aG왜곡의 제니스 퀸\\aA 등장하였습니다.",
    "loc_x": 32819,
    "loc_y": 32801,
    "loc_map": 12852,
    "day": "1,2,3,4,5,6,7",
    "hour": 14,
    "minute": 45
  },
  {
    "type": 127,
    "npcid": 8500049,
    "note": "불신의 시어[지배]",
    "boss_msg": "　　\\aA지배의탑 2층 \\aG불신의 시어 \\aA 등장하였습니다.",
    "loc_x": 32800,
    "loc_y": 32798,
    "loc_map": 12853,
    "day": "1,2,3,4,5,6,7",
    "hour": 14,
    "minute": 45
  },
  {
    "type": 128,
    "npcid": 8500060,
    "note": "공포의 뱀파이어 [지배]",
    "boss_msg": "　　\\aA지배의탑 3층 \\aG공포의 뱀파이어 \\aA 등장하였습니다.",
    "loc_x": 32814,
    "loc_y": 32794,
    "loc_map": 12854,
    "day": "1,2,3,4,5,6,7",
    "hour": 15,
    "minute": 15
  },
  {
    "type": 129,
    "npcid": 8500063,
    "note": "죽음의 좀비로드[지배]",
    "boss_msg": "　　\\aA지배의탑 4층 \\aG죽음의 좀비로드 \\aA 등장하였습니다.",
    "loc_x": 32680,
    "loc_y": 32863,
    "loc_map": 12855,
    "day": "1,2,3,4,5,6,7",
    "hour": 15,
    "minute": 15
  },
  {
    "type": 130,
    "npcid": 8500071,
    "note": "지옥의 쿠거[지배]",
    "boss_msg": "　　\\aA지배의탑 5층 \\aG지옥의 쿠거 \\aA 등장하였습니다.",
    "loc_x": 32672,
    "loc_y": 32858,
    "loc_map": 12856,
    "day": "1,2,3,4,5,6,7",
    "hour": 15,
    "minute": 45
  },
  {
    "type": 131,
    "npcid": 8500081,
    "note": "불사의 머미로드 [지배]",
    "boss_msg": "　　\\aA지배의탑 6층 \\aG불사의 머미로드 \\aA 등장하였습니다.",
    "loc_x": 32671,
    "loc_y": 32854,
    "loc_map": 12857,
    "day": "1,2,3,4,5,6,7",
    "hour": 15,
    "minute": 45
  },
  {
    "type": 132,
    "npcid": 8500090,
    "note": "잔혹한 아이리스 [지배]",
    "boss_msg": "　　\\aA지배의탑 7층 \\aG잔혹한 아이리스 \\aA 등장하였습니다.",
    "loc_x": 32673,
    "loc_y": 32855,
    "loc_map": 12858,
    "day": "1,2,3,4,5,6,7",
    "hour": 16,
    "minute": 15
  },
  {
    "type": 133,
    "npcid": 8500095,
    "note": "어둠의 나이트 발드[지배]",
    "boss_msg": "　　\\aA지배의탑 8층 \\aG어둠의 나이트 발드\\aA 등장하였습니다.",
    "loc_x": 32669,
    "loc_y": 32840,
    "loc_map": 12859,
    "day": "1,2,3,4,5,6,7",
    "hour": 16,
    "minute": 15
  },
  {
    "type": 134,
    "npcid": 8500105,
    "note": "불멸의 리치[지배]",
    "boss_msg": "　　\\aA지배의탑 9층 \\aG불멸의 리치 \\aA 등장하였습니다.",
    "loc_x": 32677,
    "loc_y": 32850,
    "loc_map": 12860,
    "day": "1,2,3,4,5,6,7",
    "hour": 16,
    "minute": 45
  },
  {
    "type": 135,
    "npcid": 8500111,
    "note": "오만한 우그누스[지배]",
    "boss_msg": "　　\\aA지배의탑 10층 \\aG오만한 우그누스\\aA 등장하였습니다.",
    "loc_x": 32806,
    "loc_y": 32782,
    "loc_map": 12861,
    "day": "1,2,3,4,5,6,7",
    "hour": 16,
    "minute": 45
  },
  {
    "type": 136,
    "npcid": 8500044,
    "note": "왜곡의 제니스 퀸 [지배]",
    "boss_msg": "　　\\aA지배의탑 1층 \\aG왜곡의 제니스 퀸\\aA 등장하였습니다.",
    "loc_x": 32819,
    "loc_y": 32801,
    "loc_map": 12852,
    "day": "1,2,3,4,5,6,7",
    "hour": 21,
    "minute": 45
  },
  {
    "type": 137,
    "npcid": 8500049,
    "note": "불신의 시어[지배]",
    "boss_msg": "　　\\aA지배의탑 2층 \\aG불신의 시어 \\aA 등장하였습니다.",
    "loc_x": 32800,
    "loc_y": 32798,
    "loc_map": 12853,
    "day": "1,2,3,4,5,6,7",
    "hour": 21,
    "minute": 45
  },
  {
    "type": 138,
    "npcid": 8500060,
    "note": "공포의 뱀파이어 [지배]",
    "boss_msg": "　　\\aA지배의탑 3층 \\aG공포의 뱀파이어 \\aA 등장하였습니다.",
    "loc_x": 32814,
    "loc_y": 32794,
    "loc_map": 12854,
    "day": "1,2,3,4,5,6,7",
    "hour": 22,
    "minute": 15
  },
  {
    "type": 139,
    "npcid": 8500063,
    "note": "죽음의 좀비로드[지배]",
    "boss_msg": "　　\\aA지배의탑 4층 \\aG죽음의 좀비로드 \\aA 등장하였습니다.",
    "loc_x": 32680,
    "loc_y": 32863,
    "loc_map": 12855,
    "day": "1,2,3,4,5,6,7",
    "hour": 22,
    "minute": 15
  },
  {
    "type": 140,
    "npcid": 8500071,
    "note": "지옥의 쿠거[지배]",
    "boss_msg": "　　\\aA지배의탑 5층 \\aG지옥의 쿠거 \\aA 등장하였습니다.",
    "loc_x": 32672,
    "loc_y": 32858,
    "loc_map": 12856,
    "day": "1,2,3,4,5,6,7",
    "hour": 22,
    "minute": 45
  },
  {
    "type": 141,
    "npcid": 8500081,
    "note": "불사의 머미로드 [지배]",
    "boss_msg": "　　\\aA지배의탑 6층 \\aG불사의 머미로드 \\aA 등장하였습니다.",
    "loc_x": 32671,
    "loc_y": 32854,
    "loc_map": 12857,
    "day": "1,2,3,4,5,6,7",
    "hour": 22,
    "minute": 45
  },
  {
    "type": 142,
    "npcid": 8500090,
    "note": "잔혹한 아이리스 [지배]",
    "boss_msg": "　　\\aA지배의탑 7층 \\aG잔혹한 아이리스 \\aA 등장하였습니다.",
    "loc_x": 32673,
    "loc_y": 32855,
    "loc_map": 12858,
    "day": "1,2,3,4,5,6,7",
    "hour": 23,
    "minute": 15
  },
  {
    "type": 143,
    "npcid": 8500095,
    "note": "어둠의 나이트 발드[지배]",
    "boss_msg": "　　\\aA지배의탑 8층 \\aG어둠의 나이트 발드\\aA 등장하였습니다.",
    "loc_x": 32669,
    "loc_y": 32840,
    "loc_map": 12859,
    "day": "1,2,3,4,5,6,7",
    "hour": 23,
    "minute": 15
  },
  {
    "type": 144,
    "npcid": 8500105,
    "note": "불멸의 리치[지배]",
    "boss_msg": "　　\\aA지배의탑 9층 \\aG불멸의 리치 \\aA 등장하였습니다.",
    "loc_x": 32677,
    "loc_y": 32850,
    "loc_map": 12860,
    "day": "1,2,3,4,5,6,7",
    "hour": 23,
    "minute": 45
  },
  {
    "type": 145,
    "npcid": 8500111,
    "note": "오만한 우그누스[지배]",
    "boss_msg": "　　\\aA지배의탑 10층 \\aG오만한 우그누스\\aA 등장하였습니다.",
    "loc_x": 32806,
    "loc_y": 32782,
    "loc_map": 12861,
    "day": "1,2,3,4,5,6,7",
    "hour": 23,
    "minute": 45
  },
  {
    "type": 146,
    "npcid": 45617,
    "note": "피닉스(화룡의 둥지)",
    "boss_msg": "　　\\aA화룡의 둥지 \\aG피닉스 \\aA 등장하였습니다.",
    "loc_x": 33724,
    "loc_y": 32259,
    "loc_map": 15440,
    "day": "1,2,3,4,5,6,7",
    "hour": 3,
    "minute": 40
  },
  {
    "type": 147,
    "npcid": 45600,
    "note": "커츠 (죽음의 폐허)",
    "boss_msg": "　　\\aA죽음의 폐허 \\aG커츠 \\aA 등장하였습니다.",
    "loc_x": 32879,
    "loc_y": 32636,
    "loc_map": 4,
    "day": "1,2,3,4,5,6,7",
    "hour": 4,
    "minute": 40
  },
  {
    "type": 148,
    "npcid": 45601,
    "note": "데스나이트(본토던전7층)",
    "boss_msg": "　　\\aA본토 던전7층 \\aG데스 나이트\\aA 등장하였습니다.",
    "loc_x": 32775,
    "loc_y": 32785,
    "loc_map": 813,
    "day": "1,2,3,4,5,6,7",
    "hour": 5,
    "minute": 40
  },
  {
    "type": 149,
    "npcid": 45610,
    "note": "거인 모닝스(황혼의 산맥)",
    "boss_msg": "　　\\aA황혼의 산맥 \\aG모닝스타 \\aA 등장하였습니다.",
    "loc_x": 34241,
    "loc_y": 33368,
    "loc_map": 4,
    "day": "1,2,3,4,5,6,7",
    "hour": 6,
    "minute": 40
  },
  {
    "type": 150,
    "npcid": 45617,
    "note": "피닉스(화룡의 둥지)",
    "boss_msg": "　　\\aA화룡의 둥지 \\aG피닉스 \\aA 등장하였습니다.",
    "loc_x": 33724,
    "loc_y": 32259,
    "loc_map": 15440,
    "day": "1,2,3,4,5,6,7",
    "hour": 11,
    "minute": 40
  },
  {
    "type": 151,
    "npcid": 45600,
    "note": "커츠 (죽음의 폐허)",
    "boss_msg": "　　\\aA죽음의 폐허 \\aG커츠 \\aA 등장하였습니다.",
    "loc_x": 32879,
    "loc_y": 32636,
    "loc_map": 4,
    "day": "1,2,3,4,5,6,7",
    "hour": 12,
    "minute": 40
  },
  {
    "type": 152,
    "npcid": 45601,
    "note": "데스나이트(본토던전7층)",
    "boss_msg": "　　\\aA본토 던전7층 \\aG데스 나이트\\aA 등장하였습니다.",
    "loc_x": 32775,
    "loc_y": 32785,
    "loc_map": 813,
    "day": "1,2,3,4,5,6,7",
    "hour": 13,
    "minute": 40
  },
  {
    "type": 153,
    "npcid": 45610,
    "note": "거인 모닝스(황혼의 산맥)",
    "boss_msg": "　　\\aA황혼의 산맥 \\aG모닝스타 \\aA 등장하였습니다.",
    "loc_x": 34241,
    "loc_y": 33368,
    "loc_map": 4,
    "day": "1,2,3,4,5,6,7",
    "hour": 14,
    "minute": 40
  },
  {
    "type": 154,
    "npcid": 45617,
    "note": "피닉스(화룡의 둥지)",
    "boss_msg": "　　\\aA화룡의 둥지 \\aG피닉스 \\aA 등장하였습니다.",
    "loc_x": 33724,
    "loc_y": 32259,
    "loc_map": 15440,
    "day": "1,2,3,4,5,6,7",
    "hour": 19,
    "minute": 40
  },
  {
    "type": 155,
    "npcid": 45600,
    "note": "커츠 (죽음의 폐허)",
    "boss_msg": "　　\\aA죽음의 폐허 \\aG커츠 \\aA 등장하였습니다.",
    "loc_x": 32879,
    "loc_y": 32636,
    "loc_map": 4,
    "day": "1,2,3,4,5,6,7",
    "hour": 20,
    "minute": 40
  },
  {
    "type": 156,
    "npcid": 45601,
    "note": "데스나이트(본토던전7층)",
    "boss_msg": "　　\\aA본토 던전7층 \\aG데스 나이트\\aA 등장하였습니다.",
    "loc_x": 32775,
    "loc_y": 32785,
    "loc_map": 813,
    "day": "1,2,3,4,5,6,7",
    "hour": 21,
    "minute": 40
  },
  {
    "type": 157,
    "npcid": 45610,
    "note": "거인 모닝스(황혼의 산맥)",
    "boss_msg": "　　\\aA황혼의 산맥 \\aG모닝스타 \\aA 등장하였습니다.",
    "loc_x": 34241,
    "loc_y": 33368,
    "loc_map": 4,
    "day": "1,2,3,4,5,6,7",
    "hour": 22,
    "minute": 40
  },
  {
    "type": 158,
    "npcid": 7310147,
    "note": "마이노 샤먼(잡보스)",
    "boss_msg": "　　\\aA풍룡의 둥지 \\aG마이노 샤먼(잡보스) \\aA 등장하였습니다.",
    "loc_x": 34264,
    "loc_y": 32794,
    "loc_map": 15410,
    "day": "1,2,3,4,5,6,7",
    "hour": 1,
    "minute": 15
  },
  {
    "type": 159,
    "npcid": 7310147,
    "note": "마이노 샤먼(잡보스)",
    "boss_msg": "　　\\aA풍룡의 둥지 \\aG마이노 샤먼(잡보스) \\aA 등장하였습니다.",
    "loc_x": 34264,
    "loc_y": 32794,
    "loc_map": 15410,
    "day": "1,2,3,4,5,6,7",
    "hour": 2,
    "minute": 15
  },
  {
    "type": 160,
    "npcid": 7310147,
    "note": "마이노 샤먼(잡보스)",
    "boss_msg": "　　\\aA풍룡의 둥지 \\aG마이노 샤먼(잡보스) \\aA 등장하였습니다.",
    "loc_x": 34264,
    "loc_y": 32794,
    "loc_map": 15410,
    "day": "1,2,3,4,5,6,7",
    "hour": 3,
    "minute": 15
  },
  {
    "type": 161,
    "npcid": 7310147,
    "note": "마이노 샤먼(잡보스)",
    "boss_msg": "　　\\aA풍룡의 둥지 \\aG마이노 샤먼(잡보스) \\aA 등장하였습니다.",
    "loc_x": 34264,
    "loc_y": 32794,
    "loc_map": 15410,
    "day": "1,2,3,4,5,6,7",
    "hour": 4,
    "minute": 15
  },
  {
    "type": 162,
    "npcid": 7310147,
    "note": "마이노 샤먼(잡보스)",
    "boss_msg": "　　\\aA풍룡의 둥지 \\aG마이노 샤먼(잡보스) \\aA 등장하였습니다.",
    "loc_x": 34264,
    "loc_y": 32794,
    "loc_map": 15410,
    "day": "1,2,3,4,5,6,7",
    "hour": 5,
    "minute": 15
  },
  {
    "type": 163,
    "npcid": 7310147,
    "note": "마이노 샤먼(잡보스)",
    "boss_msg": "　　\\aA풍룡의 둥지 \\aG마이노 샤먼(잡보스) \\aA 등장하였습니다.",
    "loc_x": 34264,
    "loc_y": 32794,
    "loc_map": 15410,
    "day": "1,2,3,4,5,6,7",
    "hour": 6,
    "minute": 15
  },
  {
    "type": 164,
    "npcid": 7310147,
    "note": "마이노 샤먼(잡보스)",
    "boss_msg": "　　\\aA풍룡의 둥지 \\aG마이노 샤먼(잡보스) \\aA 등장하였습니다.",
    "loc_x": 34264,
    "loc_y": 32794,
    "loc_map": 15410,
    "day": "1,2,3,4,5,6,7",
    "hour": 7,
    "minute": 15
  },
  {
    "type": 165,
    "npcid": 7310147,
    "note": "마이노 샤먼(잡보스)",
    "boss_msg": "　　\\aA풍룡의 둥지 \\aG마이노 샤먼(잡보스) \\aA 등장하였습니다.",
    "loc_x": 34264,
    "loc_y": 32794,
    "loc_map": 15410,
    "day": "1,2,3,4,5,6,7",
    "hour": 8,
    "minute": 15
  },
  {
    "type": 166,
    "npcid": 7310147,
    "note": "마이노 샤먼(잡보스)",
    "boss_msg": "　　\\aA풍룡의 둥지 \\aG마이노 샤먼(잡보스) \\aA 등장하였습니다.",
    "loc_x": 34264,
    "loc_y": 32794,
    "loc_map": 15410,
    "day": "1,2,3,4,5,6,7",
    "hour": 9,
    "minute": 15
  },
  {
    "type": 167,
    "npcid": 7310147,
    "note": "마이노 샤먼(잡보스)",
    "boss_msg": "　　\\aA풍룡의 둥지 \\aG마이노 샤먼(잡보스) \\aA 등장하였습니다.",
    "loc_x": 34264,
    "loc_y": 32794,
    "loc_map": 15410,
    "day": "1,2,3,4,5,6,7",
    "hour": 10,
    "minute": 15
  },
  {
    "type": 168,
    "npcid": 7310147,
    "note": "마이노 샤먼(잡보스)",
    "boss_msg": "　　\\aA풍룡의 둥지 \\aG마이노 샤먼(잡보스) \\aA 등장하였습니다.",
    "loc_x": 34264,
    "loc_y": 32794,
    "loc_map": 15410,
    "day": "1,2,3,4,5,6,7",
    "hour": 11,
    "minute": 15
  },
  {
    "type": 169,
    "npcid": 7310147,
    "note": "마이노 샤먼(잡보스)",
    "boss_msg": "　　\\aA풍룡의 둥지 \\aG마이노 샤먼(잡보스) \\aA 등장하였습니다.",
    "loc_x": 34264,
    "loc_y": 32794,
    "loc_map": 15410,
    "day": "1,2,3,4,5,6,7",
    "hour": 12,
    "minute": 15
  },
  {
    "type": 170,
    "npcid": 7310147,
    "note": "마이노 샤먼(잡보스)",
    "boss_msg": "　　\\aA풍룡의 둥지 \\aG마이노 샤먼(잡보스) \\aA 등장하였습니다.",
    "loc_x": 34264,
    "loc_y": 32794,
    "loc_map": 15410,
    "day": "1,2,3,4,5,6,7",
    "hour": 13,
    "minute": 15
  },
  {
    "type": 171,
    "npcid": 7310147,
    "note": "마이노 샤먼(잡보스)",
    "boss_msg": "　　\\aA풍룡의 둥지 \\aG마이노 샤먼(잡보스) \\aA 등장하였습니다.",
    "loc_x": 34264,
    "loc_y": 32794,
    "loc_map": 15410,
    "day": "1,2,3,4,5,6,7",
    "hour": 14,
    "minute": 15
  },
  {
    "type": 172,
    "npcid": 7310147,
    "note": "마이노 샤먼(잡보스)",
    "boss_msg": "　　\\aA풍룡의 둥지 \\aG마이노 샤먼(잡보스) \\aA 등장하였습니다.",
    "loc_x": 34264,
    "loc_y": 32794,
    "loc_map": 15410,
    "day": "1,2,3,4,5,6,7",
    "hour": 15,
    "minute": 15
  },
  {
    "type": 173,
    "npcid": 7310147,
    "note": "마이노 샤먼(잡보스)",
    "boss_msg": "　　\\aA풍룡의 둥지 \\aG마이노 샤먼(잡보스) \\aA 등장하였습니다.",
    "loc_x": 34264,
    "loc_y": 32794,
    "loc_map": 15410,
    "day": "1,2,3,4,5,6,7",
    "hour": 16,
    "minute": 15
  },
  {
    "type": 174,
    "npcid": 7310147,
    "note": "마이노 샤먼(잡보스)",
    "boss_msg": "　　\\aA풍룡의 둥지 \\aG마이노 샤먼(잡보스) \\aA 등장하였습니다.",
    "loc_x": 34264,
    "loc_y": 32794,
    "loc_map": 15410,
    "day": "1,2,3,4,5,6,7",
    "hour": 17,
    "minute": 15
  },
  {
    "type": 175,
    "npcid": 7310147,
    "note": "마이노 샤먼(잡보스)",
    "boss_msg": "　　\\aA풍룡의 둥지 \\aG마이노 샤먼(잡보스) \\aA 등장하였습니다.",
    "loc_x": 34264,
    "loc_y": 32794,
    "loc_map": 15410,
    "day": "1,2,3,4,5,6,7",
    "hour": 18,
    "minute": 15
  },
  {
    "type": 176,
    "npcid": 7310147,
    "note": "마이노 샤먼(잡보스)",
    "boss_msg": "　　\\aA풍룡의 둥지 \\aG마이노 샤먼(잡보스) \\aA 등장하였습니다.",
    "loc_x": 34264,
    "loc_y": 32794,
    "loc_map": 15410,
    "day": "1,2,3,4,5,6,7",
    "hour": 19,
    "minute": 15
  },
  {
    "type": 177,
    "npcid": 7310147,
    "note": "마이노 샤먼(잡보스)",
    "boss_msg": "　　\\aA풍룡의 둥지 \\aG마이노 샤먼(잡보스) \\aA 등장하였습니다.",
    "loc_x": 34264,
    "loc_y": 32794,
    "loc_map": 15410,
    "day": "1,2,3,4,5,6,7",
    "hour": 20,
    "minute": 15
  },
  {
    "type": 178,
    "npcid": 7310147,
    "note": "마이노 샤먼(잡보스)",
    "boss_msg": "　　\\aA풍룡의 둥지 \\aG마이노 샤먼(잡보스) \\aA 등장하였습니다.",
    "loc_x": 34264,
    "loc_y": 32794,
    "loc_map": 15410,
    "day": "1,2,3,4,5,6,7",
    "hour": 21,
    "minute": 15
  },
  {
    "type": 179,
    "npcid": 7310147,
    "note": "마이노 샤먼(잡보스)",
    "boss_msg": "　　\\aA풍룡의 둥지 \\aG마이노 샤먼(잡보스) \\aA 등장하였습니다.",
    "loc_x": 34264,
    "loc_y": 32794,
    "loc_map": 15410,
    "day": "1,2,3,4,5,6,7",
    "hour": 22,
    "minute": 15
  },
  {
    "type": 180,
    "npcid": 7310147,
    "note": "마이노 샤먼(잡보스)",
    "boss_msg": "　　\\aA풍룡의 둥지 \\aG마이노 샤먼(잡보스) \\aA 등장하였습니다.",
    "loc_x": 34264,
    "loc_y": 32794,
    "loc_map": 15410,
    "day": "1,2,3,4,5,6,7",
    "hour": 23,
    "minute": 15
  },
  {
    "type": 181,
    "npcid": 5146,
    "note": "큰 발의 마요(잡보스)",
    "boss_msg": "　　\\aA오렌 설벽 \\aG큰발의 마요(잡보스) \\aA 등장하였습니다.",
    "loc_x": 34186,
    "loc_y": 32219,
    "loc_map": 15420,
    "day": "1,2,3,4,5,6,7",
    "hour": 1,
    "minute": 45
  },
  {
    "type": 182,
    "npcid": 5146,
    "note": "큰 발의 마요(잡보스)",
    "boss_msg": "　　\\aA오렌 설벽 \\aG큰발의 마요(잡보스) \\aA 등장하였습니다.",
    "loc_x": 34186,
    "loc_y": 32219,
    "loc_map": 15420,
    "day": "1,2,3,4,5,6,7",
    "hour": 2,
    "minute": 45
  },
  {
    "type": 183,
    "npcid": 5146,
    "note": "큰 발의 마요(잡보스)",
    "boss_msg": "　　\\aA오렌 설벽 \\aG큰발의 마요(잡보스) \\aA 등장하였습니다.",
    "loc_x": 34186,
    "loc_y": 32219,
    "loc_map": 15420,
    "day": "1,2,3,4,5,6,7",
    "hour": 3,
    "minute": 45
  },
  {
    "type": 184,
    "npcid": 5146,
    "note": "큰 발의 마요(잡보스)",
    "boss_msg": "　　\\aA오렌 설벽 \\aG큰발의 마요(잡보스) \\aA 등장하였습니다.",
    "loc_x": 34186,
    "loc_y": 32219,
    "loc_map": 15420,
    "day": "1,2,3,4,5,6,7",
    "hour": 4,
    "minute": 45
  },
  {
    "type": 185,
    "npcid": 5146,
    "note": "큰 발의 마요(잡보스)",
    "boss_msg": "　　\\aA오렌 설벽 \\aG큰발의 마요(잡보스) \\aA 등장하였습니다.",
    "loc_x": 34186,
    "loc_y": 32219,
    "loc_map": 15420,
    "day": "1,2,3,4,5,6,7",
    "hour": 5,
    "minute": 45
  },
  {
    "type": 186,
    "npcid": 5146,
    "note": "큰 발의 마요(잡보스)",
    "boss_msg": "　　\\aA오렌 설벽 \\aG큰발의 마요(잡보스) \\aA 등장하였습니다.",
    "loc_x": 34186,
    "loc_y": 32219,
    "loc_map": 15420,
    "day": "1,2,3,4,5,6,7",
    "hour": 6,
    "minute": 45
  },
  {
    "type": 187,
    "npcid": 5146,
    "note": "큰 발의 마요(잡보스)",
    "boss_msg": "　　\\aA오렌 설벽 \\aG큰발의 마요(잡보스) \\aA 등장하였습니다.",
    "loc_x": 34186,
    "loc_y": 32219,
    "loc_map": 15420,
    "day": "1,2,3,4,5,6,7",
    "hour": 7,
    "minute": 45
  },
  {
    "type": 188,
    "npcid": 5146,
    "note": "큰 발의 마요(잡보스)",
    "boss_msg": "　　\\aA오렌 설벽 \\aG큰발의 마요(잡보스) \\aA 등장하였습니다.",
    "loc_x": 34186,
    "loc_y": 32219,
    "loc_map": 15420,
    "day": "1,2,3,4,5,6,7",
    "hour": 8,
    "minute": 45
  },
  {
    "type": 189,
    "npcid": 5146,
    "note": "큰 발의 마요(잡보스)",
    "boss_msg": "　　\\aA오렌 설벽 \\aG큰발의 마요(잡보스) \\aA 등장하였습니다.",
    "loc_x": 34186,
    "loc_y": 32219,
    "loc_map": 15420,
    "day": "1,2,3,4,5,6,7",
    "hour": 9,
    "minute": 45
  },
  {
    "type": 190,
    "npcid": 5146,
    "note": "큰 발의 마요(잡보스)",
    "boss_msg": "　　\\aA오렌 설벽 \\aG큰발의 마요(잡보스) \\aA 등장하였습니다.",
    "loc_x": 34186,
    "loc_y": 32219,
    "loc_map": 15420,
    "day": "1,2,3,4,5,6,7",
    "hour": 10,
    "minute": 45
  },
  {
    "type": 191,
    "npcid": 5146,
    "note": "큰 발의 마요(잡보스)",
    "boss_msg": "　　\\aA오렌 설벽 \\aG큰발의 마요(잡보스) \\aA 등장하였습니다.",
    "loc_x": 34186,
    "loc_y": 32219,
    "loc_map": 15420,
    "day": "1,2,3,4,5,6,7",
    "hour": 11,
    "minute": 45
  },
  {
    "type": 192,
    "npcid": 5146,
    "note": "큰 발의 마요(잡보스)",
    "boss_msg": "　　\\aA오렌 설벽 \\aG큰발의 마요(잡보스) \\aA 등장하였습니다.",
    "loc_x": 34186,
    "loc_y": 32219,
    "loc_map": 15420,
    "day": "1,2,3,4,5,6,7",
    "hour": 12,
    "minute": 45
  },
  {
    "type": 193,
    "npcid": 5146,
    "note": "큰 발의 마요(잡보스)",
    "boss_msg": "　　\\aA오렌 설벽 \\aG큰발의 마요(잡보스) \\aA 등장하였습니다.",
    "loc_x": 34186,
    "loc_y": 32219,
    "loc_map": 15420,
    "day": "1,2,3,4,5,6,7",
    "hour": 13,
    "minute": 45
  },
  {
    "type": 194,
    "npcid": 5146,
    "note": "큰 발의 마요(잡보스)",
    "boss_msg": "　　\\aA오렌 설벽 \\aG큰발의 마요(잡보스) \\aA 등장하였습니다.",
    "loc_x": 34186,
    "loc_y": 32219,
    "loc_map": 15420,
    "day": "1,2,3,4,5,6,7",
    "hour": 14,
    "minute": 45
  },
  {
    "type": 195,
    "npcid": 5146,
    "note": "큰 발의 마요(잡보스)",
    "boss_msg": "　　\\aA오렌 설벽 \\aG큰발의 마요(잡보스) \\aA 등장하였습니다.",
    "loc_x": 34186,
    "loc_y": 32219,
    "loc_map": 15420,
    "day": "1,2,3,4,5,6,7",
    "hour": 15,
    "minute": 45
  },
  {
    "type": 196,
    "npcid": 5146,
    "note": "큰 발의 마요(잡보스)",
    "boss_msg": "　　\\aA오렌 설벽 \\aG큰발의 마요(잡보스) \\aA 등장하였습니다.",
    "loc_x": 34186,
    "loc_y": 32219,
    "loc_map": 15420,
    "day": "1,2,3,4,5,6,7",
    "hour": 16,
    "minute": 45
  },
  {
    "type": 197,
    "npcid": 5146,
    "note": "큰 발의 마요(잡보스)",
    "boss_msg": "　　\\aA오렌 설벽 \\aG큰발의 마요(잡보스) \\aA 등장하였습니다.",
    "loc_x": 34186,
    "loc_y": 32219,
    "loc_map": 15420,
    "day": "1,2,3,4,5,6,7",
    "hour": 17,
    "minute": 45
  },
  {
    "type": 198,
    "npcid": 5146,
    "note": "큰 발의 마요(잡보스)",
    "boss_msg": "　　\\aA오렌 설벽 \\aG큰발의 마요(잡보스) \\aA 등장하였습니다.",
    "loc_x": 34186,
    "loc_y": 32219,
    "loc_map": 15420,
    "day": "1,2,3,4,5,6,7",
    "hour": 18,
    "minute": 45
  },
  {
    "type": 200,
    "npcid": 5146,
    "note": "큰 발의 마요(잡보스)",
    "boss_msg": "　　\\aA오렌 설벽 \\aG큰발의 마요(잡보스) \\aA 등장하였습니다.",
    "loc_x": 34186,
    "loc_y": 32219,
    "loc_map": 15420,
    "day": "1,2,3,4,5,6,7",
    "hour": 21,
    "minute": 45
  },
  {
    "type": 201,
    "npcid": 5146,
    "note": "큰 발의 마요(잡보스)",
    "boss_msg": "　　\\aA오렌 설벽 \\aG큰발의 마요(잡보스) \\aA 등장하였습니다.",
    "loc_x": 34186,
    "loc_y": 32219,
    "loc_map": 15420,
    "day": "1,2,3,4,5,6,7",
    "hour": 22,
    "minute": 45
  },
  {
    "type": 202,
    "npcid": 5146,
    "note": "큰 발의 마요(잡보스)",
    "boss_msg": "　　\\aA오렌 설벽 \\aG큰발의 마요(잡보스) \\aA 등장하였습니다.",
    "loc_x": 34186,
    "loc_y": 32219,
    "loc_map": 15420,
    "day": "1,2,3,4,5,6,7",
    "hour": 23,
    "minute": 45
  },
  {
    "type": 204,
    "npcid": 190564,
    "note": "에르자베",
    "boss_msg": "　　\\aA흰 개미굴 2층 \\aG에르자베 \\aA 등장하였습니다.",
    "loc_x": 32792,
    "loc_y": 32741,
    "loc_map": 45,
    "day": "1,2,3,4,5,6,7",
    "hour": 18,
    "minute": 0
  },
  {
    "type": 203,
    "npcid": 190564,
    "note": "에르자베",
    "boss_msg": "　　\\aA흰 개미굴 2층 \\aG에르자베 \\aA 등장하였습니다.",
    "loc_x": 32758,
    "loc_y": 32743,
    "loc_map": 45,
    "day": "1,2,3,4,5,6,7",
    "hour": 21,
    "minute": 0
  },
  {
    "type": 205,
    "npcid": 5136,
    "note": "에르자베 ",
    "boss_msg": "　　\\aA흰 개미굴1층 \\aG에르자베 \\aA 등장하였습니다.",
    "loc_x": 32792,
    "loc_y": 32741,
    "loc_map": 43,
    "day": "1,2,3,4,5,6,7",
    "hour": 15,
    "minute": 0
  },
  {
    "type": 206,
    "npcid": 5136,
    "note": "에르자베 ",
    "boss_msg": "　　\\aA흰 개미굴1층 \\aG에르자베 \\aA 등장하였습니다.",
    "loc_x": 32778,
    "loc_y": 32768,
    "loc_map": 43,
    "day": "1,2,3,4,5,6,7",
    "hour": 12,
    "minute": 0
  },
  {
    "type": 207,
    "npcid": 5136,
    "note": "에르자베 ",
    "boss_msg": "　　\\aA흰 개미굴1층 \\aG에르자베 \\aA 등장하였습니다.",
    "loc_x": 32801,
    "loc_y": 32732,
    "loc_map": 43,
    "day": "1,2,3,4,5,6,7",
    "hour": 9,
    "minute": 0
  },
  {
    "type": 208,
    "npcid": 51000033,
    "note": "눈꽃의 다이아몬드 골렘",
    "boss_msg": "　　\\aA얼음 동굴3층 \\aG수호자\\aA 등장하였습니다.",
    "loc_x": 32766,
    "loc_y": 32895,
    "loc_map": 74,
    "day": "1,2,3,4,5,6,7",
    "hour": 20,
    "minute": 50
  },
  {
    "type": 209,
    "npcid": 51000034,
    "note": "얼음 여왕(월드보스)",
    "boss_msg": "　　\\aA얼음 동굴3층 \\aG여왕\\aA 등장하였습니다.",
    "loc_x": 32844,
    "loc_y": 32921,
    "loc_map": 74,
    "day": "1,2,3,4,5,6,7",
    "hour": 21,
    "minute": 0
  },
  {
    "type": 210,
    "npcid": 5135,
    "note": "샌드웜",
    "boss_msg": "　　\\aA숨겨진 지역에 \\aG샌드웜 \\aA 등장하였습니다.",
    "loc_x": 32776,
    "loc_y": 33144,
    "loc_map": 13012,
    "day": "1",
    "hour": 0,
    "minute": 0
  },
  {
    "type": 211,
    "npcid": 5136,
    "note": "\\f3   에르자베 (지상)",
    "boss_msg": "　　\\aA사막에 \\aG에르자베 \\aA 등장하였습니다.",
    "loc_x": 32889,
    "loc_y": 33284,
    "loc_map": 4,
    "day": "1",
    "hour": 3,
    "minute": 0
  },
  {
    "type": 212,
    "npcid": 7320032,
    "note": "흑기사 대장(잡보스)",
    "boss_msg": "　　\\aA수련자던전에  \\aG흑기사 대장 \\aA 등장하였습니다.",
    "loc_x": 32761,
    "loc_y": 32766,
    "loc_map": 27,
    "day": "1,2,3,4,5,6,7",
    "hour": 6,
    "minute": 0
  },
  {
    "type": 213,
    "npcid": 76021,
    "note": "키메라이드(잡보스)",
    "boss_msg": "　　\\aA수련자던전에  \\aG키메라이드 \\aA 등장하였습니다.",
    "loc_x": 32751,
    "loc_y": 32725,
    "loc_map": 28,
    "day": "1,2,3,4,5,6,7",
    "hour": 9,
    "minute": 0
  },
  {
    "type": 255,
    "npcid": 45625,
    "note": "혼돈(배치안됨)",
    "boss_msg": "      \\상아탑 6층 : 야히진영에 \\aG 혼돈\\aA이 탄생합니다..",
    "loc_x": 0,
    "loc_y": 0,
    "loc_map": 0,
    "day": "1",
    "hour": 0,
    "minute": 0
  },
  {
    "type": 239,
    "npcid": 45516,
    "note": "이프리트",
    "boss_msg": "　　\\aA화룡의 둥지에 \\aG이프리트\\aA가 등장하였습니다.",
    "loc_x": 33747,
    "loc_y": 32275,
    "loc_map": 15440,
    "day": "1",
    "hour": 0,
    "minute": 0
  },
  {
    "type": 218,
    "npcid": 46025,
    "note": "간수장 타로스 (잡보스)",
    "boss_msg": "　　\\aA기란감옥 1층에  \\aG간수장 \\aA 등장하였습니다.",
    "loc_x": 32801,
    "loc_y": 32763,
    "loc_map": 53,
    "day": "1,2,3,4,5,6,7",
    "hour": 22,
    "minute": 30
  },
  {
    "type": 219,
    "npcid": 45529,
    "note": "거대 드레이크",
    "boss_msg": "　　\\aA용의 계곡에 \\aG드레이크\\aA가 등장하였습니다.",
    "loc_x": 33387,
    "loc_y": 32349,
    "loc_map": 15430,
    "day": "1",
    "hour": 0,
    "minute": 0
  },
  {
    "type": 220,
    "npcid": 7310148,
    "note": "공포의 린드비오르(월드보스)",
    "boss_msg": "　　\\aA풍룡의 둥지에 \\aG린드비오르\\aA가 등장하였습니다.",
    "loc_x": 34265,
    "loc_y": 32794,
    "loc_map": 15410,
    "day": "1",
    "hour": 0,
    "minute": 0
  },
  {
    "type": 221,
    "npcid": 7310154,
    "note": "공포의 안타라스(월드보스)",
    "boss_msg": "　　\\aA용던 7층에  \\aG안타라스\\aA가 등장하였습니다.",
    "loc_x": 32698,
    "loc_y": 32824,
    "loc_map": 37,
    "day": "1",
    "hour": 0,
    "minute": 0
  },
  {
    "type": 222,
    "npcid": 7310160,
    "note": "공포의 파푸리온(월드보스)",
    "boss_msg": "　　\\aA수중던전에 \\aG파푸리온\\aA가 등장하였습니다.",
    "loc_x": 32774,
    "loc_y": 32831,
    "loc_map": 65,
    "day": "1",
    "hour": 0,
    "minute": 0
  },
  {
    "type": 223,
    "npcid": 45684,
    "note": "공포의 발라카스(월드보스)",
    "boss_msg": "　　\\aA화룡의 둥지에 \\aG발라카스\\aA가 등장하였습니다.",
    "loc_x": 32725,
    "loc_y": 32800,
    "loc_map": 2210,
    "day": "1",
    "hour": 0,
    "minute": 0
  },
  {
    "type": 224,
    "npcid": 91200,
    "note": "대왕 오징어",
    "boss_msg": "　　\\aA정기선 갑판 \\aG대왕 오징어\\aA가 등장하였습니다.",
    "loc_x": 32793,
    "loc_y": 32796,
    "loc_map": 9101,
    "day": "1",
    "hour": 0,
    "minute": 0
  },
  {
    "type": 226,
    "npcid": 7320118,
    "note": "백작의 요정(준보스)",
    "boss_msg": "　　\\aA기란감옥 1층에  \\aG백작의요정 \\aA 등장하였습니다",
    "loc_x": 32755,
    "loc_y": 32743,
    "loc_map": 53,
    "day": "1,2,3,4,5,6,7",
    "hour": 20,
    "minute": 30
  },
  {
    "type": 225,
    "npcid": 5134,
    "note": "리칸트",
    "boss_msg": "　　\\aA말하는 섬에 \\aG리칸트\\aA가 등장하였습니다.",
    "loc_x": 32670,
    "loc_y": 32851,
    "loc_map": 9,
    "day": "1,2,3,4,5,6,7",
    "hour": 21,
    "minute": 30
  },
  {
    "type": 227,
    "npcid": 7310116,
    "note": "테페 호루스 ",
    "boss_msg": "　　\\aA오시리스 제단에  \\aG테페 호루스 \\aA 등장하였습니다",
    "loc_x": 32781,
    "loc_y": 32832,
    "loc_map": 782,
    "day": "1",
    "hour": 0,
    "minute": 0
  },
  {
    "type": 228,
    "npcid": 7320109,
    "note": "테베 아누비스",
    "boss_msg": "　　\\aA테페 피라미드 지하에 \\aG테페 아누비스 \\aA 등장하였습니다",
    "loc_x": 32785,
    "loc_y": 32976,
    "loc_map": 10502,
    "day": "1",
    "hour": 0,
    "minute": 0
  },
  {
    "type": 229,
    "npcid": 7310116,
    "note": "테베 호루스",
    "boss_msg": "　　\\aA테페 피라미드 지하에 \\aG테페 호루스 \\aA 등장하였습니다",
    "loc_x": 32771,
    "loc_y": 32804,
    "loc_map": 10502,
    "day": "1",
    "hour": 0,
    "minute": 0
  },
  {
    "type": 230,
    "npcid": 7320109,
    "note": "테베 아누비스",
    "boss_msg": "　　\\aA테페 피라미드 지하에 \\aG테페 아누비스 \\aA 등장하였습니다",
    "loc_x": 32690,
    "loc_y": 32881,
    "loc_map": 10502,
    "day": "1",
    "hour": 0,
    "minute": 0
  },
  {
    "type": 231,
    "npcid": 45676,
    "note": "명법군왕 헬바인",
    "boss_msg": "　　\\aA지하 대공동에 \\aG명법군왕 헬바인  \\aA 등장하였습니다",
    "loc_x": 32879,
    "loc_y": 32703,
    "loc_map": 479,
    "day": "1",
    "hour": 0,
    "minute": 0
  },
  {
    "type": 232,
    "npcid": 45844,
    "note": "마수군왕 바란카",
    "boss_msg": "　　\\aA지하 대공동에 \\aG마수군왕 바란카  \\aA 등장하였습니다",
    "loc_x": 32831,
    "loc_y": 32665,
    "loc_map": 479,
    "day": "1",
    "hour": 0,
    "minute": 0
  },
  {
    "type": 233,
    "npcid": 45648,
    "note": "암살군왕 슬레이브",
    "boss_msg": "　　\\aA지하 대공동에 \\aG암살군왕 슬레이브  \\aA 등장하였습니다",
    "loc_x": 32934,
    "loc_y": 32767,
    "loc_map": 479,
    "day": "1",
    "hour": 0,
    "minute": 0
  },
  {
    "type": 234,
    "npcid": 45863,
    "note": "마령군왕 라이아",
    "boss_msg": "　　\\aA지하 대공동에 \\aG마령군왕 라이라  \\aA 등장하였습니다",
    "loc_x": 32732,
    "loc_y": 32774,
    "loc_map": 479,
    "day": "1",
    "hour": 0,
    "minute": 0
  },
  {
    "type": 235,
    "npcid": 7310092,
    "note": "화염의 지배자",
    "boss_msg": "　　\\aA화룡의 둥지에 \\aG화염의 지배자 \\aA 등장하였습니다",
    "loc_x": 33747,
    "loc_y": 32275,
    "loc_map": 15440,
    "day": "1,2,3,4,5,6,7",
    "hour": 20,
    "minute": 0
  },
  {
    "type": 236,
    "npcid": 800018,
    "note": "제브 레퀴(암)",
    "boss_msg": "　　\\aA쿠클칸 제단에 \\aG제브 레퀴 \\aA 등장하였습니다",
    "loc_x": 32743,
    "loc_y": 32859,
    "loc_map": 784,
    "day": "1",
    "hour": 0,
    "minute": 0
  },
  {
    "type": 237,
    "npcid": 800019,
    "note": "제브 레퀴(수)",
    "boss_msg": "　　\\aA쿠클칸 제단에 \\aG제브 레퀴 \\aA 등장하였습니다",
    "loc_x": 32743,
    "loc_y": 32866,
    "loc_map": 784,
    "day": "1",
    "hour": 0,
    "minute": 0
  },
  {
    "type": 238,
    "npcid": 7000093,
    "note": "제로스",
    "boss_msg": "　　\\aA용의 계곡에 \\aG제로스 \\aA 등장하였습니다",
    "loc_x": 33334,
    "loc_y": 32433,
    "loc_map": 15430,
    "day": "1,2,3,4,5,6,7",
    "hour": 21,
    "minute": 0
  },
  {
    "type": 241,
    "npcid": 7123,
    "note": "아크 모",
    "boss_msg": "　　\\aA용던 6층에 \\aG아크 모\\aA가 등장하였습니다.",
    "loc_x": 32703,
    "loc_y": 32820,
    "loc_map": 36,
    "day": "1,2,3,4,5,6,7",
    "hour": 22,
    "minute": 0
  },
  {
    "type": 242,
    "npcid": 5047,
    "note": "아르피어",
    "boss_msg": "　　\\aA말하는 섬에 \\aG아르피어\\aA가 등장하였습니다.",
    "loc_x": 32504,
    "loc_y": 33069,
    "loc_map": 9,
    "day": "1,2,3,4,5,6,7",
    "hour": 23,
    "minute": 0
  },
  {
    "type": 243,
    "npcid": 7320217,
    "note": "냉한의 맘보토끼",
    "boss_msg": "　　\\aA냉한의 던전에 \\aG맘보토끼\\aA가 등장하였습니다.",
    "loc_x": 32740,
    "loc_y": 32803,
    "loc_map": 271,
    "day": "1",
    "hour": 0,
    "minute": 0
  },
  {
    "type": 244,
    "npcid": 81201,
    "note": "아이스 데몬",
    "boss_msg": "　　\\aA냉한의 던전에 \\aG아이스 데몬\\aA가 등장하였습니다.",
    "loc_x": 32830,
    "loc_y": 32833,
    "loc_map": 278,
    "day": "1",
    "hour": 0,
    "minute": 0
  },
  {
    "type": 245,
    "npcid": 45609,
    "note": "얼음 여왕",
    "boss_msg": "　　\\aA냉한의 던전에 \\aG얼음 여왕\\aA가 등장하였습니다.",
    "loc_x": 32743,
    "loc_y": 32833,
    "loc_map": 278,
    "day": "1",
    "hour": 0,
    "minute": 0
  },
  {
    "type": 246,
    "npcid": 45614,
    "note": "거대 여왕 개미",
    "boss_msg": "      \\aA개미굴3층에 \\aG 거대 여왕 개미\\aA가 등장하였습니다.",
    "loc_x": 32798,
    "loc_y": 32794,
    "loc_map": 543,
    "day": "1",
    "hour": 0,
    "minute": 0
  },
  {
    "type": 247,
    "npcid": 7320154,
    "note": "지배당한 하이브",
    "boss_msg": "      \\aA지배의 결계에 \\aG 지배당한 하이브\\aA가 등장하였습니다.",
    "loc_x": 32737,
    "loc_y": 32913,
    "loc_map": 15402,
    "day": "1",
    "hour": 0,
    "minute": 0
  },
  {
    "type": 248,
    "npcid": 7320116,
    "note": "백작의 기사",
    "boss_msg": "      \\aA말하는 섬에 \\aG 백작의 기사\\aA가 도착하였습니다.",
    "loc_x": 32645,
    "loc_y": 33222,
    "loc_map": 9,
    "day": "1,2,3,4,5,6,7",
    "hour": 20,
    "minute": 0
  },
  {
    "type": 249,
    "npcid": 7320117,
    "note": "백작의 마법사",
    "boss_msg": "      \\aA말하는 섬에 \\aG 백작의 마법사\\aA가 도착하였습니다.",
    "loc_x": 32645,
    "loc_y": 33222,
    "loc_map": 9,
    "day": "1,2,3,4,5,6,7",
    "hour": 20,
    "minute": 0
  },
  {
    "type": 250,
    "npcid": 7320118,
    "note": "백작의 요정",
    "boss_msg": "      \\aA말하는 섬에 \\aG 백작의 요정\\aA이 도착하였습니다.",
    "loc_x": 32645,
    "loc_y": 33222,
    "loc_map": 9,
    "day": "1,2,3,4,5,6,7",
    "hour": 20,
    "minute": 0
  },
  {
    "type": 251,
    "npcid": 45546,
    "note": "도펠겡어 보스",
    "boss_msg": "      \\aA아덴 대륙에 \\aG 도펠갱어\\aA가 나타났습니다.",
    "loc_x": 33740,
    "loc_y": 33346,
    "loc_map": 4,
    "day": "1",
    "hour": 0,
    "minute": 0
  },
  {
    "type": 252,
    "npcid": 214,
    "note": "지옥의 신",
    "boss_msg": "      \\a지옥에 \\aG 신\\aA이 강림합니다..",
    "loc_x": 0,
    "loc_y": 0,
    "loc_map": 0,
    "day": "1",
    "hour": 0,
    "minute": 0
  },
  {
    "type": 253,
    "npcid": 45646,
    "note": "정령의 감시자",
    "boss_msg": "      \\a정령의 무덤에 \\aG 감시자가\\aA가 출근했습니다..",
    "loc_x": 0,
    "loc_y": 0,
    "loc_map": 0,
    "day": "1",
    "hour": 0,
    "minute": 0
  },
  {
    "type": 254,
    "npcid": 45649,
    "note": "데몬(배치안됨)",
    "boss_msg": "      \\상아탑8층 : 야히진영에 \\aG 데몬돈\\aA이 탄생합니다..",
    "loc_x": 0,
    "loc_y": 0,
    "loc_map": 0,
    "day": "1",
    "hour": 0,
    "minute": 0
  },
  {
    "type": 256,
    "npcid": 45674,
    "note": "죽음(배치안됨)",
    "boss_msg": "      \\상아탑 7층 : 야히진영에 \\aG 혼돈\\aA이 탄생합니다..",
    "loc_x": 0,
    "loc_y": 0,
    "loc_map": 0,
    "day": "1",
    "hour": 0,
    "minute": 0
  },
  {
    "type": 257,
    "npcid": 7210036,
    "note": "화룡의 수호자(미배치)",
    "boss_msg": "　　\\aA화룡의 둥지에 \\aG수호자\\aA가 등장하였습니다.",
    "loc_x": 0,
    "loc_y": 0,
    "loc_map": 0,
    "day": "1",
    "hour": 0,
    "minute": 0
  },
  {
    "type": 258,
    "npcid": 7310146,
    "note": "풍룡의 수호자(미배치)",
    "boss_msg": "　　\\aA풍룡의 둥지에 \\aG수호자\\aA가 등장하였습니다.",
    "loc_x": 0,
    "loc_y": 0,
    "loc_map": 0,
    "day": "1",
    "hour": 0,
    "minute": 0
  },
  {
    "type": 259,
    "npcid": 7310175,
    "note": "망자의 교도관 (미배치)",
    "boss_msg": "죽음의 폐허",
    "loc_x": 0,
    "loc_y": 0,
    "loc_map": 0,
    "day": "1",
    "hour": 0,
    "minute": 0
  },
  {
    "type": 260,
    "npcid": 7320090,
    "note": "화룡의 아이신 (미배치)잡",
    "boss_msg": "화둥",
    "loc_x": 0,
    "loc_y": 0,
    "loc_map": 0,
    "day": "1",
    "hour": 0,
    "minute": 0
  },
  {
    "type": 261,
    "npcid": 7320094,
    "note": "열정의 샤베트(미배치)잡",
    "boss_msg": "오렌설벽",
    "loc_x": 0,
    "loc_y": 0,
    "loc_map": 0,
    "day": "1",
    "hour": 0,
    "minute": 0
  },
  {
    "type": 262,
    "npcid": 7320095,
    "note": "스피리드(미배치)",
    "boss_msg": "오염된 땅쪽 오크부락 - 준보스 ",
    "loc_x": 0,
    "loc_y": 0,
    "loc_map": 0,
    "day": "1",
    "hour": 0,
    "minute": 0
  },
  {
    "type": 263,
    "npcid": 45943,
    "note": "카푸(미배치)",
    "boss_msg": "에바의 왕국 수중 좀 쌘 잡몹",
    "loc_x": 0,
    "loc_y": 0,
    "loc_map": 0,
    "day": "1",
    "hour": 0,
    "minute": 0
  },
  {
    "type": 264,
    "npcid": 7310159,
    "note": "수룡의 수호자(미배치)",
    "boss_msg": "　　\\aA수룡의 둥지에 \\aG수호자\\aA가 등장하였습니다.",
    "loc_x": 0,
    "loc_y": 0,
    "loc_map": 0,
    "day": "1",
    "hour": 0,
    "minute": 0
  },
  {
    "type": 265,
    "npcid": 7320092,
    "note": "수룡의 데비 (미배치)",
    "boss_msg": "　　\\aA수룡의 둥지에 \\aG데비\\aA가 등장하였습니다.",
    "loc_x": 0,
    "loc_y": 0,
    "loc_map": 0,
    "day": "1",
    "hour": 0,
    "minute": 0
  },
  {
    "type": 266,
    "npcid": 45464,
    "note": "세마(미배치)",
    "boss_msg": "글루디오 (마법사의 연구실 )잡보스",
    "loc_x": 0,
    "loc_y": 0,
    "loc_map": 0,
    "day": "1",
    "hour": 0,
    "minute": 0
  },
  {
    "type": 267,
    "npcid": 5019,
    "note": "질풍의 샤스키(미배치)",
    "boss_msg": "　　\\aA오렌 엘모어 격전지에 \\aG샤스키 \\aA가 등장하였습니다.",
    "loc_x": 0,
    "loc_y": 0,
    "loc_map": 0,
    "day": "1",
    "hour": 0,
    "minute": 0
  },
  {
    "type": 268,
    "npcid": 5020,
    "note": "광풍의 샤스키(미배치)",
    "boss_msg": "　　\\aA오렌 엘모어 격전지에 \\aG샤스키 \\aA가 등장하였습니다.",
    "loc_x": 0,
    "loc_y": 0,
    "loc_map": 0,
    "day": "1",
    "hour": 0,
    "minute": 0
  },
  {
    "type": 269,
    "npcid": 45535,
    "note": "맘보 킹 (미배치)",
    "boss_msg": "고대 정령의 무덤 준보스",
    "loc_x": 0,
    "loc_y": 0,
    "loc_map": 0,
    "day": "1",
    "hour": 0,
    "minute": 0
  }
]