[
  {
    "item_id": 4210000,
    "name": "몽환의 눈물 스테이크",
    "name_id": "몽환의 눈물 스테이크",
    "item_type": "add_exp",
    "use_type": "dream_exp",
    "memo": "경험치 음식 예정",
    "material": "vegetation",
    "weight": 0,
    "invgfx": 2486,
    "grdgfx": 2723,
    "itemdesc_id": 1,
    "min_lvl": 15,
    "max_lvl": 0,
    "bless": 0,
    "trade": 0,
    "stackable": 1,
    "cant_delete": 0,
    "max_charge_count": 0,
    "save_at_once": 0,
    "isEndedTimeMessage": "false",
    "Add_dream_exp": "10",
    "Duration": 900000,
    "cooldownTime": 900000
  },
  {
    "item_id": 4210001,
    "name": "심장 쿵쿵 곰바베큐\r\n",
    "name_id": "심장 쿵쿵 곰바베큐\r\n",
    "item_type": "add_exp",
    "use_type": "dream_exp",
    "memo": "경험치 음식 예정",
    "material": "vegetation",
    "weight": 0,
    "invgfx": 2572,
    "grdgfx": 2723,
    "itemdesc_id": 1,
    "min_lvl": 15,
    "max_lvl": 0,
    "bless": 0,
    "trade": 0,
    "stackable": 1,
    "cant_delete": 0,
    "max_charge_count": 0,
    "save_at_once": 0,
    "isEndedTimeMessage": "false",
    "Add_dream_exp": "10",
    "Duration": 900000,
    "cooldownTime": 900000
  },
  {
    "item_id": 4210002,
    "name": "바다의 마법 호떡\r\n",
    "name_id": "바다의 마법 호떡\r\n",
    "item_type": "add_exp",
    "use_type": "dream_exp",
    "memo": "경험치 음식 예정",
    "material": "vegetation",
    "weight": 0,
    "invgfx": 2495,
    "grdgfx": 2723,
    "itemdesc_id": 1,
    "min_lvl": 15,
    "max_lvl": 0,
    "bless": 0,
    "trade": 0,
    "stackable": 1,
    "cant_delete": 0,
    "max_charge_count": 0,
    "save_at_once": 0,
    "isEndedTimeMessage": "false",
    "Add_dream_exp": "10",
    "Duration": 900000,
    "cooldownTime": 900000
  },
  {
    "item_id": 4210003,
    "name": "치즈 구름의 개미 다리\r\n",
    "name_id": "치즈 구름의 개미 다리\r\n",
    "item_type": "add_exp",
    "use_type": "dream_exp",
    "memo": "경험치 음식 예정",
    "material": "vegetation",
    "weight": 0,
    "invgfx": 2570,
    "grdgfx": 2723,
    "itemdesc_id": 1,
    "min_lvl": 15,
    "max_lvl": 0,
    "bless": 0,
    "trade": 0,
    "stackable": 1,
    "cant_delete": 0,
    "max_charge_count": 0,
    "save_at_once": 0,
    "isEndedTimeMessage": "false",
    "Add_dream_exp": "10",
    "Duration": 900000,
    "cooldownTime": 900000
  },
  {
    "item_id": 4210004,
    "name": "정원 과일 샐러드\r\n",
    "name_id": "정원 과일 샐러드\r\n",
    "item_type": "add_exp",
    "use_type": "dream_exp",
    "memo": "경험치 음식 예정",
    "material": "vegetation",
    "weight": 0,
    "invgfx": 2484,
    "grdgfx": 2723,
    "itemdesc_id": 1,
    "min_lvl": 15,
    "max_lvl": 0,
    "bless": 0,
    "trade": 0,
    "stackable": 1,
    "cant_delete": 0,
    "max_charge_count": 0,
    "save_at_once": 0,
    "isEndedTimeMessage": "false",
    "Add_dream_exp": "10",
    "Duration": 900000,
    "cooldownTime": 900000
  },
  {
    "item_id": 4210005,
    "name": "폭발 과일 튀김",
    "name_id": "폭발 과일 튀김",
    "item_type": "add_exp",
    "use_type": "dream_exp",
    "memo": "경험치 음식 예정",
    "material": "vegetation",
    "weight": 0,
    "invgfx": 2485,
    "grdgfx": 2723,
    "itemdesc_id": 1,
    "min_lvl": 15,
    "max_lvl": 0,
    "bless": 0,
    "trade": 0,
    "stackable": 1,
    "cant_delete": 0,
    "max_charge_count": 0,
    "save_at_once": 0,
    "isEndedTimeMessage": "false",
    "Add_dream_exp": "10",
    "Duration": 900000,
    "cooldownTime": 900000
  },
  {
    "item_id": 4210006,
    "name": "야생의 심장 멧돼지 꼬치\r\n",
    "name_id": "야생의 심장 멧돼지 꼬치\r\n",
    "item_type": "add_exp",
    "use_type": "dream_exp",
    "memo": "경험치 음식 예정",
    "material": "vegetation",
    "weight": 0,
    "invgfx": 2573,
    "grdgfx": 2723,
    "itemdesc_id": 1,
    "min_lvl": 15,
    "max_lvl": 0,
    "bless": 0,
    "trade": 0,
    "stackable": 1,
    "cant_delete": 0,
    "max_charge_count": 0,
    "save_at_once": 0,
    "isEndedTimeMessage": "false",
    "Add_dream_exp": "10",
    "Duration": 900000,
    "cooldownTime": 900000
  },
  {
    "item_id": 4210007,
    "name": "꿈속 버섯 스프",
    "name_id": "꿈속 버섯 스프",
    "item_type": "add_exp",
    "use_type": "dream_exp",
    "memo": "경험치 음식 예정",
    "material": "vegetation",
    "weight": 0,
    "invgfx": 2575,
    "grdgfx": 2723,
    "itemdesc_id": 1,
    "min_lvl": 15,
    "max_lvl": 0,
    "bless": 0,
    "trade": 0,
    "stackable": 1,
    "cant_delete": 0,
    "max_charge_count": 0,
    "save_at_once": 0,
    "isEndedTimeMessage": "false",
    "Add_dream_exp": "15",
    "Duration": 900000,
    "cooldownTime": 900000
  },
  {
    "item_id": 4210015,
    "name": "별빛 캐비어",
    "name_id": "별빛 캐비어",
    "item_type": "add_exp",
    "use_type": "dream_exp",
    "memo": "경험치 음식 예정",
    "material": "vegetation",
    "weight": 0,
    "invgfx": 2738,
    "grdgfx": 2723,
    "itemdesc_id": 1,
    "min_lvl": 15,
    "max_lvl": 0,
    "bless": 0,
    "trade": 0,
    "stackable": 1,
    "cant_delete": 0,
    "max_charge_count": 0,
    "save_at_once": 0,
    "isEndedTimeMessage": "false",
    "Add_dream_exp": "15",
    "Duration": 900000,
    "cooldownTime": 900000
  },
  {
    "item_id": 4210014,
    "name": "흰 개미 다리 구이 ",
    "name_id": "흰 개미 다리 구이 ",
    "item_type": "add_exp",
    "use_type": "dream_exp",
    "memo": "경험치 음식 예정",
    "material": "vegetation",
    "weight": 0,
    "invgfx": 2770,
    "grdgfx": 2723,
    "itemdesc_id": 1,
    "min_lvl": 15,
    "max_lvl": 0,
    "bless": 0,
    "trade": 0,
    "stackable": 1,
    "cant_delete": 0,
    "max_charge_count": 0,
    "save_at_once": 0,
    "isEndedTimeMessage": "false",
    "Add_dream_exp": "15",
    "Duration": 900000,
    "cooldownTime": 900000
  },
  {
    "item_id": 4210013,
    "name": "마법 바베큐",
    "name_id": "마법 바베큐",
    "item_type": "add_exp",
    "use_type": "dream_exp",
    "memo": "경험치 음식 예정",
    "material": "vegetation",
    "weight": 0,
    "invgfx": 2735,
    "grdgfx": 2723,
    "itemdesc_id": 1,
    "min_lvl": 15,
    "max_lvl": 0,
    "bless": 0,
    "trade": 0,
    "stackable": 1,
    "cant_delete": 0,
    "max_charge_count": 0,
    "save_at_once": 0,
    "isEndedTimeMessage": "false",
    "Add_dream_exp": "15",
    "Duration": 900000,
    "cooldownTime": 900000
  },
  {
    "item_id": 4210012,
    "name": "전기 뱀장어 스튜",
    "name_id": "전기 뱀장어 스튜",
    "item_type": "add_exp",
    "use_type": "dream_exp",
    "memo": "경험치 음식 예정",
    "material": "vegetation",
    "weight": 0,
    "invgfx": 2730,
    "grdgfx": 2723,
    "itemdesc_id": 1,
    "min_lvl": 15,
    "max_lvl": 0,
    "bless": 0,
    "trade": 0,
    "stackable": 1,
    "cant_delete": 0,
    "max_charge_count": 0,
    "save_at_once": 0,
    "isEndedTimeMessage": "false",
    "Add_dream_exp": "15",
    "Duration": 900000,
    "cooldownTime": 900000
  },
  {
    "item_id": 4210011,
    "name": "키위 구이",
    "name_id": "키위 구이",
    "item_type": "add_exp",
    "use_type": "dream_exp",
    "memo": "경험치 음식 예정",
    "material": "vegetation",
    "weight": 0,
    "invgfx": 2740,
    "grdgfx": 2723,
    "itemdesc_id": 1,
    "min_lvl": 15,
    "max_lvl": 0,
    "bless": 0,
    "trade": 0,
    "stackable": 1,
    "cant_delete": 0,
    "max_charge_count": 0,
    "save_at_once": 0,
    "isEndedTimeMessage": "false",
    "Add_dream_exp": "15",
    "Duration": 900000,
    "cooldownTime": 900000
  },
  {
    "item_id": 4210010,
    "name": "심해의 맛\r\n",
    "name_id": "심해의 맛\r\n",
    "item_type": "add_exp",
    "use_type": "dream_exp",
    "memo": "경험치 음식 예정",
    "material": "vegetation",
    "weight": 0,
    "invgfx": 2741,
    "grdgfx": 2723,
    "itemdesc_id": 1,
    "min_lvl": 15,
    "max_lvl": 0,
    "bless": 0,
    "trade": 0,
    "stackable": 1,
    "cant_delete": 0,
    "max_charge_count": 0,
    "save_at_once": 0,
    "isEndedTimeMessage": "false",
    "Add_dream_exp": "20",
    "Duration": 900000,
    "cooldownTime": 900000
  },
  {
    "item_id": 4210009,
    "name": "질긴 꼬리 스테이크",
    "name_id": "질긴 꼬리 스테이크",
    "item_type": "add_exp",
    "use_type": "dream_exp",
    "memo": "경험치 음식 예정",
    "material": "vegetation",
    "weight": 0,
    "invgfx": 2733,
    "grdgfx": 2723,
    "itemdesc_id": 1,
    "min_lvl": 15,
    "max_lvl": 0,
    "bless": 0,
    "trade": 0,
    "stackable": 1,
    "cant_delete": 0,
    "max_charge_count": 0,
    "save_at_once": 0,
    "isEndedTimeMessage": "false",
    "Add_dream_exp": "20",
    "Duration": 900000,
    "cooldownTime": 900000
  },
  {
    "item_id": 4210008,
    "name": "검은콩 카나베",
    "name_id": "검은콩 카나베",
    "item_type": "add_exp",
    "use_type": "dream_exp",
    "memo": "경험치 음식 예정",
    "material": "vegetation",
    "weight": 0,
    "invgfx": 2736,
    "grdgfx": 2723,
    "itemdesc_id": 1,
    "min_lvl": 15,
    "max_lvl": 0,
    "bless": 0,
    "trade": 0,
    "stackable": 1,
    "cant_delete": 0,
    "max_charge_count": 0,
    "save_at_once": 0,
    "isEndedTimeMessage": "false",
    "Add_dream_exp": "20",
    "Duration": 900000,
    "cooldownTime": 900000
  },
  {
    "item_id": 4210016,
    "name": "푸른 꽃게 집게구이",
    "name_id": "푸른 꽃게 집게구이",
    "item_type": "add_exp",
    "use_type": "dream_exp",
    "memo": "경험치 음식 예정",
    "material": "vegetation",
    "weight": 0,
    "invgfx": 2940,
    "grdgfx": 2723,
    "itemdesc_id": 1,
    "min_lvl": 15,
    "max_lvl": 0,
    "bless": 0,
    "trade": 0,
    "stackable": 1,
    "cant_delete": 0,
    "max_charge_count": 0,
    "save_at_once": 0,
    "isEndedTimeMessage": "false",
    "Add_dream_exp": "20",
    "Duration": 900000,
    "cooldownTime": 900000
  },
  {
    "item_id": 4210017,
    "name": "창공의 그리폰 구이",
    "name_id": "창공의 그리폰 구이",
    "item_type": "add_exp",
    "use_type": "dream_exp",
    "memo": "경험치 음식 예정",
    "material": "vegetation",
    "weight": 0,
    "invgfx": 2925,
    "grdgfx": 2723,
    "itemdesc_id": 1,
    "min_lvl": 15,
    "max_lvl": 0,
    "bless": 0,
    "trade": 0,
    "stackable": 1,
    "cant_delete": 0,
    "max_charge_count": 0,
    "save_at_once": 0,
    "isEndedTimeMessage": "false",
    "Add_dream_exp": "20",
    "Duration": 900000,
    "cooldownTime": 900000
  },
  {
    "item_id": 4210018,
    "name": "닭머리 새우 구이",
    "name_id": "닭머리 새우 구이",
    "item_type": "add_exp",
    "use_type": "dream_exp",
    "memo": "경험치 음식 예정",
    "material": "vegetation",
    "weight": 0,
    "invgfx": 2939,
    "grdgfx": 2723,
    "itemdesc_id": 1,
    "min_lvl": 15,
    "max_lvl": 0,
    "bless": 0,
    "trade": 0,
    "stackable": 1,
    "cant_delete": 0,
    "max_charge_count": 0,
    "save_at_once": 0,
    "isEndedTimeMessage": "false",
    "Add_dream_exp": "20",
    "Duration": 900000,
    "cooldownTime": 900000
  },
  {
    "item_id": 4210019,
    "name": "정력제",
    "name_id": "정력제",
    "item_type": "add_exp",
    "use_type": "dream_exp",
    "memo": "경험치 음식 예정",
    "material": "vegetation",
    "weight": 0,
    "invgfx": 2927,
    "grdgfx": 2723,
    "itemdesc_id": 1,
    "min_lvl": 15,
    "max_lvl": 0,
    "bless": 0,
    "trade": 0,
    "stackable": 1,
    "cant_delete": 0,
    "max_charge_count": 0,
    "save_at_once": 0,
    "isEndedTimeMessage": "false",
    "Add_dream_exp": "25",
    "Duration": 900000,
    "cooldownTime": 900000
  },
  {
    "item_id": 4210020,
    "name": "브라질산 닭날개구이",
    "name_id": "브라질산 닭날개구이",
    "item_type": "add_exp",
    "use_type": "dream_exp",
    "memo": "경험치 음식 예정",
    "material": "vegetation",
    "weight": 0,
    "invgfx": 2930,
    "grdgfx": 2723,
    "itemdesc_id": 1,
    "min_lvl": 15,
    "max_lvl": 0,
    "bless": 0,
    "trade": 0,
    "stackable": 1,
    "cant_delete": 0,
    "max_charge_count": 0,
    "save_at_once": 0,
    "isEndedTimeMessage": "false",
    "Add_dream_exp": "20",
    "Duration": 900000,
    "cooldownTime": 900000
  },
  {
    "item_id": 4210021,
    "name": "일본산 와규 구이",
    "name_id": "일본산 와규 구이",
    "item_type": "add_exp",
    "use_type": "dream_exp",
    "memo": "경험치 음식 예정",
    "material": "vegetation",
    "weight": 0,
    "invgfx": 2928,
    "grdgfx": 2723,
    "itemdesc_id": 1,
    "min_lvl": 15,
    "max_lvl": 0,
    "bless": 0,
    "trade": 0,
    "stackable": 1,
    "cant_delete": 0,
    "max_charge_count": 0,
    "save_at_once": 0,
    "isEndedTimeMessage": "false",
    "Add_dream_exp": "20",
    "Duration": 900000,
    "cooldownTime": 900000
  },
  {
    "item_id": 4210022,
    "name": "심해 장어 구이",
    "name_id": "심해 장어 구이",
    "item_type": "add_exp",
    "use_type": "dream_exp",
    "memo": "경험치 음식 예정",
    "material": "vegetation",
    "weight": 0,
    "invgfx": 2936,
    "grdgfx": 2723,
    "itemdesc_id": 1,
    "min_lvl": 15,
    "max_lvl": 0,
    "bless": 0,
    "trade": 0,
    "stackable": 1,
    "cant_delete": 0,
    "max_charge_count": 0,
    "save_at_once": 0,
    "isEndedTimeMessage": "false",
    "Add_dream_exp": "20",
    "Duration": 900000,
    "cooldownTime": 900000
  },
  {
    "item_id": 4210023,
    "name": "타조 알 탕",
    "name_id": "타조 알 탕",
    "item_type": "add_exp",
    "use_type": "dream_exp",
    "memo": "경험치 음식 예정",
    "material": "vegetation",
    "weight": 0,
    "invgfx": 2933,
    "grdgfx": 2723,
    "itemdesc_id": 1,
    "min_lvl": 15,
    "max_lvl": 0,
    "bless": 0,
    "trade": 0,
    "stackable": 1,
    "cant_delete": 0,
    "max_charge_count": 0,
    "save_at_once": 0,
    "isEndedTimeMessage": "false",
    "Add_dream_exp": "20",
    "Duration": 900000,
    "cooldownTime": 900000
  },
  {
    "item_id": 4210024,
    "name": "미노타우르의 힘 고기",
    "name_id": "미노타우르의 힘 고기",
    "item_type": "add_exp",
    "use_type": "dream_exp",
    "memo": "경험치 음식 예정",
    "material": "vegetation",
    "weight": 0,
    "invgfx": 2486,
    "grdgfx": 2723,
    "itemdesc_id": 1,
    "min_lvl": 15,
    "max_lvl": 0,
    "bless": 0,
    "trade": 0,
    "stackable": 1,
    "cant_delete": 0,
    "max_charge_count": 0,
    "save_at_once": 0,
    "isEndedTimeMessage": "false",
    "Add_dream_exp": "20",
    "Duration": 900000,
    "cooldownTime": 900000
  },
  {
    "item_id": 4210025,
    "name": "신비의 가시 스테이크",
    "name_id": "신비의 가시 스테이크",
    "item_type": "add_exp",
    "use_type": "dream_exp",
    "memo": "경험치 음식 예정",
    "material": "vegetation",
    "weight": 0,
    "invgfx": 2572,
    "grdgfx": 2723,
    "itemdesc_id": 1,
    "min_lvl": 15,
    "max_lvl": 0,
    "bless": 0,
    "trade": 0,
    "stackable": 1,
    "cant_delete": 0,
    "max_charge_count": 0,
    "save_at_once": 0,
    "isEndedTimeMessage": "false",
    "Add_dream_exp": "20",
    "Duration": 900000,
    "cooldownTime": 900000
  },
  {
    "item_id": 4210026,
    "name": "악몽의 향기 과자",
    "name_id": "악몽의 향기 과자",
    "item_type": "add_exp",
    "use_type": "dream_exp",
    "memo": "경험치 음식 예정",
    "material": "vegetation",
    "weight": 0,
    "invgfx": 2495,
    "grdgfx": 2723,
    "itemdesc_id": 1,
    "min_lvl": 15,
    "max_lvl": 0,
    "bless": 0,
    "trade": 0,
    "stackable": 1,
    "cant_delete": 0,
    "max_charge_count": 0,
    "save_at_once": 0,
    "isEndedTimeMessage": "false",
    "Add_dream_exp": "20",
    "Duration": 900000,
    "cooldownTime": 900000
  },
  {
    "item_id": 4210027,
    "name": "꿈꾸는 고양이의 밥",
    "name_id": "꿈꾸는 고양이의 밥",
    "item_type": "add_exp",
    "use_type": "dream_exp",
    "memo": "경험치 음식 예정",
    "material": "vegetation",
    "weight": 0,
    "invgfx": 2570,
    "grdgfx": 2723,
    "itemdesc_id": 1,
    "min_lvl": 15,
    "max_lvl": 0,
    "bless": 0,
    "trade": 0,
    "stackable": 1,
    "cant_delete": 0,
    "max_charge_count": 0,
    "save_at_once": 0,
    "isEndedTimeMessage": "false",
    "Add_dream_exp": "20",
    "Duration": 900000,
    "cooldownTime": 900000
  },
  {
    "item_id": 4210028,
    "name": "바람의 향기 샐러드",
    "name_id": "바람의 향기 샐러드",
    "item_type": "add_exp",
    "use_type": "dream_exp",
    "memo": "경험치 음식 예정",
    "material": "vegetation",
    "weight": 0,
    "invgfx": 2484,
    "grdgfx": 2723,
    "itemdesc_id": 1,
    "min_lvl": 15,
    "max_lvl": 0,
    "bless": 0,
    "trade": 0,
    "stackable": 1,
    "cant_delete": 0,
    "max_charge_count": 0,
    "save_at_once": 0,
    "isEndedTimeMessage": "false",
    "Add_dream_exp": "20",
    "Duration": 900000,
    "cooldownTime": 900000
  },
  {
    "item_id": 4210029,
    "name": "고요한 밤의 디저트",
    "name_id": "고요한 밤의 디저트",
    "item_type": "add_exp",
    "use_type": "dream_exp",
    "memo": "경험치 음식 예정",
    "material": "vegetation",
    "weight": 0,
    "invgfx": 2485,
    "grdgfx": 2723,
    "itemdesc_id": 1,
    "min_lvl": 15,
    "max_lvl": 0,
    "bless": 0,
    "trade": 0,
    "stackable": 1,
    "cant_delete": 0,
    "max_charge_count": 0,
    "save_at_once": 0,
    "isEndedTimeMessage": "false",
    "Add_dream_exp": "20",
    "Duration": 900000,
    "cooldownTime": 900000
  },
  {
    "item_id": 4210030,
    "name": "용의 비늘 스테이크",
    "name_id": "용의 비늘 스테이크",
    "item_type": "add_exp",
    "use_type": "dream_exp",
    "memo": "경험치 음식 예정",
    "material": "vegetation",
    "weight": 0,
    "invgfx": 2573,
    "grdgfx": 2723,
    "itemdesc_id": 1,
    "min_lvl": 15,
    "max_lvl": 0,
    "bless": 0,
    "trade": 0,
    "stackable": 1,
    "cant_delete": 0,
    "max_charge_count": 0,
    "save_at_once": 0,
    "isEndedTimeMessage": "false",
    "Add_dream_exp": "20",
    "Duration": 900000,
    "cooldownTime": 900000
  },
  {
    "item_id": 4210031,
    "name": "정령의 향기 나는 스튜",
    "name_id": "정령의 향기 나는 스튜",
    "item_type": "add_exp",
    "use_type": "dream_exp",
    "memo": "경험치 음식 예정",
    "material": "vegetation",
    "weight": 0,
    "invgfx": 2575,
    "grdgfx": 2723,
    "itemdesc_id": 1,
    "min_lvl": 15,
    "max_lvl": 0,
    "bless": 0,
    "trade": 0,
    "stackable": 1,
    "cant_delete": 0,
    "max_charge_count": 0,
    "save_at_once": 0,
    "isEndedTimeMessage": "false",
    "Add_dream_exp": "20",
    "Duration": 900000,
    "cooldownTime": 900000
  },
  {
    "item_id": 4210032,
    "name": "한여름의 꿈 아이스크림",
    "name_id": "한여름의 꿈 아이스크림",
    "item_type": "add_exp",
    "use_type": "dream_exp",
    "memo": "경험치 음식 예정",
    "material": "vegetation",
    "weight": 0,
    "invgfx": 2736,
    "grdgfx": 2723,
    "itemdesc_id": 1,
    "min_lvl": 15,
    "max_lvl": 0,
    "bless": 0,
    "trade": 0,
    "stackable": 1,
    "cant_delete": 0,
    "max_charge_count": 0,
    "save_at_once": 0,
    "isEndedTimeMessage": "false",
    "Add_dream_exp": "20",
    "Duration": 900000,
    "cooldownTime": 900000
  },
  {
    "item_id": 4210033,
    "name": "여우의 보물 스테이크",
    "name_id": "여우의 보물 스테이크",
    "item_type": "add_exp",
    "use_type": "dream_exp",
    "memo": "경험치 음식 예정",
    "material": "vegetation",
    "weight": 0,
    "invgfx": 2733,
    "grdgfx": 2723,
    "itemdesc_id": 1,
    "min_lvl": 15,
    "max_lvl": 0,
    "bless": 0,
    "trade": 0,
    "stackable": 1,
    "cant_delete": 0,
    "max_charge_count": 0,
    "save_at_once": 0,
    "isEndedTimeMessage": "false",
    "Add_dream_exp": "20",
    "Duration": 900000,
    "cooldownTime": 900000
  },
  {
    "item_id": 4210034,
    "name": "금빛 엘프의 과자",
    "name_id": "금빛 엘프의 과자",
    "item_type": "add_exp",
    "use_type": "dream_exp",
    "memo": "경험치 음식 예정",
    "material": "vegetation",
    "weight": 0,
    "invgfx": 2741,
    "grdgfx": 2723,
    "itemdesc_id": 1,
    "min_lvl": 15,
    "max_lvl": 0,
    "bless": 0,
    "trade": 0,
    "stackable": 1,
    "cant_delete": 0,
    "max_charge_count": 0,
    "save_at_once": 0,
    "isEndedTimeMessage": "false",
    "Add_dream_exp": "20",
    "Duration": 900000,
    "cooldownTime": 900000
  },
  {
    "item_id": 4210035,
    "name": "키위새 구이 ",
    "name_id": "키위새 구이 ",
    "item_type": "add_exp",
    "use_type": "dream_exp",
    "memo": "경험치 음식 예정",
    "material": "vegetation",
    "weight": 0,
    "invgfx": 2740,
    "grdgfx": 2723,
    "itemdesc_id": 1,
    "min_lvl": 15,
    "max_lvl": 0,
    "bless": 0,
    "trade": 0,
    "stackable": 1,
    "cant_delete": 0,
    "max_charge_count": 0,
    "save_at_once": 0,
    "isEndedTimeMessage": "false",
    "Add_dream_exp": "20",
    "Duration": 900000,
    "cooldownTime": 900000
  },
  {
    "item_id": 4210036,
    "name": "전갈 조림",
    "name_id": "전갈 조림",
    "item_type": "add_exp",
    "use_type": "dream_exp",
    "memo": "경험치 음식 예정",
    "material": "vegetation",
    "weight": 0,
    "invgfx": 2730,
    "grdgfx": 2723,
    "itemdesc_id": 1,
    "min_lvl": 15,
    "max_lvl": 0,
    "bless": 0,
    "trade": 0,
    "stackable": 1,
    "cant_delete": 0,
    "max_charge_count": 0,
    "save_at_once": 0,
    "isEndedTimeMessage": "false",
    "Add_dream_exp": "20",
    "Duration": 900000,
    "cooldownTime": 900000
  },
  {
    "item_id": 4210037,
    "name": "말린 복어 구이 ",
    "name_id": "말린 복어 구이 ",
    "item_type": "add_exp",
    "use_type": "dream_exp",
    "memo": "경험치 음식 예정",
    "material": "vegetation",
    "weight": 0,
    "invgfx": 2735,
    "grdgfx": 2723,
    "itemdesc_id": 1,
    "min_lvl": 15,
    "max_lvl": 0,
    "bless": 0,
    "trade": 0,
    "stackable": 1,
    "cant_delete": 0,
    "max_charge_count": 0,
    "save_at_once": 0,
    "isEndedTimeMessage": "false",
    "Add_dream_exp": "20",
    "Duration": 900000,
    "cooldownTime": 900000
  },
  {
    "item_id": 4210038,
    "name": "거대 잠자리 다리 꼬치 구이",
    "name_id": "거대 잠자리 다리 꼬치 구이",
    "item_type": "add_exp",
    "use_type": "dream_exp",
    "memo": "경험치 음식 예정",
    "material": "vegetation",
    "weight": 0,
    "invgfx": 2728,
    "grdgfx": 2723,
    "itemdesc_id": 1,
    "min_lvl": 15,
    "max_lvl": 0,
    "bless": 0,
    "trade": 0,
    "stackable": 1,
    "cant_delete": 0,
    "max_charge_count": 0,
    "save_at_once": 0,
    "isEndedTimeMessage": "false",
    "Add_dream_exp": "20",
    "Duration": 900000,
    "cooldownTime": 900000
  },
  {
    "item_id": 4210039,
    "name": "마법의 무지개 스프",
    "name_id": "마법의 무지개 스프",
    "item_type": "add_exp",
    "use_type": "dream_exp",
    "memo": "경험치 음식 예정",
    "material": "vegetation",
    "weight": 0,
    "invgfx": 2738,
    "grdgfx": 2723,
    "itemdesc_id": 1,
    "min_lvl": 15,
    "max_lvl": 0,
    "bless": 0,
    "trade": 0,
    "stackable": 1,
    "cant_delete": 0,
    "max_charge_count": 0,
    "save_at_once": 0,
    "isEndedTimeMessage": "false",
    "Add_dream_exp": "20",
    "Duration": 900000,
    "cooldownTime": 900000
  },
  {
    "item_id": 4210040,
    "name": "딱총 새우 집게 조림",
    "name_id": "딱총 새우 집게 조림",
    "item_type": "add_exp",
    "use_type": "dream_exp",
    "memo": "경험치 음식 예정",
    "material": "vegetation",
    "weight": 0,
    "invgfx": 2940,
    "grdgfx": 2723,
    "itemdesc_id": 1,
    "min_lvl": 15,
    "max_lvl": 0,
    "bless": 0,
    "trade": 0,
    "stackable": 1,
    "cant_delete": 0,
    "max_charge_count": 0,
    "save_at_once": 0,
    "isEndedTimeMessage": "false",
    "Add_dream_exp": "20",
    "Duration": 900000,
    "cooldownTime": 900000
  },
  {
    "item_id": 4210041,
    "name": "미노타우르스 허벅지 구이 ",
    "name_id": "미노타우르스 허벅지 구이 ",
    "item_type": "add_exp",
    "use_type": "dream_exp",
    "memo": "경험치 음식 예정",
    "material": "vegetation",
    "weight": 0,
    "invgfx": 2925,
    "grdgfx": 2723,
    "itemdesc_id": 1,
    "min_lvl": 15,
    "max_lvl": 0,
    "bless": 0,
    "trade": 0,
    "stackable": 1,
    "cant_delete": 0,
    "max_charge_count": 0,
    "save_at_once": 0,
    "isEndedTimeMessage": "false",
    "Add_dream_exp": "20",
    "Duration": 900000,
    "cooldownTime": 900000
  },
  {
    "item_id": 4210042,
    "name": "짝퉁 한우 스테이크",
    "name_id": "짝퉁 한우 스테이크",
    "item_type": "add_exp",
    "use_type": "dream_exp",
    "memo": "경험치 음식 예정",
    "material": "vegetation",
    "weight": 0,
    "invgfx": 2939,
    "grdgfx": 2723,
    "itemdesc_id": 1,
    "min_lvl": 15,
    "max_lvl": 0,
    "bless": 0,
    "trade": 0,
    "stackable": 1,
    "cant_delete": 0,
    "max_charge_count": 0,
    "save_at_once": 0,
    "isEndedTimeMessage": "false",
    "Add_dream_exp": "20",
    "Duration": 900000,
    "cooldownTime": 900000
  },
  {
    "item_id": 4210043,
    "name": "둘다 먹다 죽은 복어알볶음",
    "name_id": "둘다 먹다 죽은 복어알볶음",
    "item_type": "add_exp",
    "use_type": "dream_exp",
    "memo": "경험치 음식 예정",
    "material": "vegetation",
    "weight": 0,
    "invgfx": 2927,
    "grdgfx": 2723,
    "itemdesc_id": 1,
    "min_lvl": 15,
    "max_lvl": 0,
    "bless": 0,
    "trade": 0,
    "stackable": 1,
    "cant_delete": 0,
    "max_charge_count": 0,
    "save_at_once": 0,
    "isEndedTimeMessage": "false",
    "Add_dream_exp": "30",
    "Duration": 900000,
    "cooldownTime": 900000
  },
  {
    "item_id": 4210044,
    "name": "오크가 먹다남긴 복어살구이",
    "name_id": "오크가 먹다남긴 복어살구이",
    "item_type": "add_exp",
    "use_type": "dream_exp",
    "memo": "경험치 음식 예정",
    "material": "vegetation",
    "weight": 0,
    "invgfx": 2930,
    "grdgfx": 2723,
    "itemdesc_id": 1,
    "min_lvl": 15,
    "max_lvl": 0,
    "bless": 0,
    "trade": 0,
    "stackable": 1,
    "cant_delete": 0,
    "max_charge_count": 0,
    "save_at_once": 0,
    "isEndedTimeMessage": "false",
    "Add_dream_exp": "30",
    "Duration": 900000,
    "cooldownTime": 900000
  },
  {
    "item_id": 4210045,
    "name": "고블린의 간악한 튀김",
    "name_id": "고블린의 간악한 튀김",
    "item_type": "add_exp",
    "use_type": "dream_exp",
    "memo": "경험치 음식 예정",
    "material": "vegetation",
    "weight": 0,
    "invgfx": 2928,
    "grdgfx": 2723,
    "itemdesc_id": 1,
    "min_lvl": 15,
    "max_lvl": 0,
    "bless": 0,
    "trade": 0,
    "stackable": 1,
    "cant_delete": 0,
    "max_charge_count": 0,
    "save_at_once": 0,
    "isEndedTimeMessage": "false",
    "Add_dream_exp": "20",
    "Duration": 900000,
    "cooldownTime": 900000
  },
  {
    "item_id": 4210046,
    "name": "별빛의 구름 수프",
    "name_id": "별빛의 구름 수프",
    "item_type": "add_exp",
    "use_type": "dream_exp",
    "memo": "경험치 음식 예정",
    "material": "vegetation",
    "weight": 0,
    "invgfx": 2936,
    "grdgfx": 2723,
    "itemdesc_id": 1,
    "min_lvl": 15,
    "max_lvl": 0,
    "bless": 0,
    "trade": 0,
    "stackable": 1,
    "cant_delete": 0,
    "max_charge_count": 0,
    "save_at_once": 0,
    "isEndedTimeMessage": "false",
    "Add_dream_exp": "20",
    "Duration": 900000,
    "cooldownTime": 900000
  },
  {
    "item_id": 4210047,
    "name": "대지의 정수 수프",
    "name_id": "대지의 정수 수프",
    "item_type": "add_exp",
    "use_type": "dream_exp",
    "memo": "경험치 음식 예정",
    "material": "vegetation",
    "weight": 0,
    "invgfx": 2933,
    "grdgfx": 2723,
    "itemdesc_id": 1,
    "min_lvl": 15,
    "max_lvl": 0,
    "bless": 0,
    "trade": 0,
    "stackable": 1,
    "cant_delete": 0,
    "max_charge_count": 0,
    "save_at_once": 0,
    "isEndedTimeMessage": "false",
    "Add_dream_exp": "20",
    "Duration": 900000,
    "cooldownTime": 900000
  },
  {
    "item_id": 4210048,
    "name": "현자의 사과",
    "name_id": "현자의 사과",
    "item_type": "add_exp",
    "use_type": "dream_exp",
    "memo": "경험치 음식 예정",
    "material": "vegetation",
    "weight": 0,
    "invgfx": 995,
    "grdgfx": 2723,
    "itemdesc_id": 1,
    "min_lvl": 15,
    "max_lvl": 0,
    "bless": 0,
    "trade": 0,
    "stackable": 1,
    "cant_delete": 0,
    "max_charge_count": 0,
    "save_at_once": 0,
    "isEndedTimeMessage": "false",
    "Add_dream_exp": "50",
    "Duration": 900000,
    "cooldownTime": 900000
  },
  {
    "item_id": 4210049,
    "name": "하피의 허벅지",
    "name_id": "하피의 허벅지",
    "item_type": "add_exp",
    "use_type": "dream_exp",
    "memo": "경험치 음식 예정",
    "material": "animalmatter",
    "weight": 0,
    "invgfx": 124,
    "grdgfx": 36,
    "itemdesc_id": 1,
    "min_lvl": 15,
    "max_lvl": 0,
    "bless": 0,
    "trade": 0,
    "stackable": 1,
    "cant_delete": 0,
    "max_charge_count": 0,
    "save_at_once": 0,
    "isEndedTimeMessage": "false",
    "Add_dream_exp": "20",
    "Duration": 900000,
    "cooldownTime": 900000
  },
  {
    "item_id": 4210050,
    "name": "어둠의 눈살",
    "name_id": "어둠의 눈살",
    "item_type": "add_exp",
    "use_type": "dream_exp",
    "memo": "경험치 음식 예정",
    "material": "animalmatter",
    "weight": 0,
    "invgfx": 1205,
    "grdgfx": 3176,
    "itemdesc_id": 1,
    "min_lvl": 15,
    "max_lvl": 0,
    "bless": 0,
    "trade": 0,
    "stackable": 1,
    "cant_delete": 0,
    "max_charge_count": 0,
    "save_at_once": 0,
    "isEndedTimeMessage": "false",
    "Add_dream_exp": "20",
    "Duration": 900000,
    "cooldownTime": 900000
  },
  {
    "item_id": 4210051,
    "name": "불타는 조각",
    "name_id": "불타는 조각",
    "item_type": "add_exp",
    "use_type": "dream_exp",
    "memo": "경험치 음식 예정",
    "material": "vegetation",
    "weight": 0,
    "invgfx": 1648,
    "grdgfx": 4251,
    "itemdesc_id": 1,
    "min_lvl": 15,
    "max_lvl": 0,
    "bless": 0,
    "trade": 0,
    "stackable": 1,
    "cant_delete": 0,
    "max_charge_count": 0,
    "save_at_once": 0,
    "isEndedTimeMessage": "false",
    "Add_dream_exp": "20",
    "Duration": 900000,
    "cooldownTime": 900000
  },
  {
    "item_id": 4210052,
    "name": "천상의 알",
    "name_id": "천상의 알",
    "item_type": "add_exp",
    "use_type": "dream_exp",
    "memo": "경험치 음식 예정",
    "material": "animalmatter",
    "weight": 0,
    "invgfx": 40,
    "grdgfx": 69,
    "itemdesc_id": 1,
    "min_lvl": 15,
    "max_lvl": 0,
    "bless": 0,
    "trade": 0,
    "stackable": 1,
    "cant_delete": 0,
    "max_charge_count": 0,
    "save_at_once": 0,
    "isEndedTimeMessage": "false",
    "Add_dream_exp": "20",
    "Duration": 900000,
    "cooldownTime": 900000
  },
  {
    "item_id": 4210053,
    "name": "빛의 뿌리",
    "name_id": "빛의 뿌리",
    "item_type": "add_exp",
    "use_type": "dream_exp",
    "memo": "경험치 음식 예정",
    "material": "vegetation",
    "weight": 0,
    "invgfx": 25,
    "grdgfx": 67,
    "itemdesc_id": 1,
    "min_lvl": 15,
    "max_lvl": 0,
    "bless": 0,
    "trade": 0,
    "stackable": 1,
    "cant_delete": 0,
    "max_charge_count": 0,
    "save_at_once": 0,
    "isEndedTimeMessage": "false",
    "Add_dream_exp": "20",
    "Duration": 900000,
    "cooldownTime": 900000
  },
  {
    "item_id": 4210054,
    "name": "황금의 소울프루트",
    "name_id": "황금의 소울프루트",
    "item_type": "add_exp",
    "use_type": "dream_exp",
    "memo": "경험치 음식 예정",
    "material": "vegetation",
    "weight": 0,
    "invgfx": 63,
    "grdgfx": 72,
    "itemdesc_id": 1,
    "min_lvl": 15,
    "max_lvl": 0,
    "bless": 0,
    "trade": 0,
    "stackable": 1,
    "cant_delete": 0,
    "max_charge_count": 0,
    "save_at_once": 0,
    "isEndedTimeMessage": "false",
    "Add_dream_exp": "20",
    "Duration": 900000,
    "cooldownTime": 900000
  },
  {
    "item_id": 4210055,
    "name": "열대의 은신자",
    "name_id": "열대의 은신자",
    "item_type": "add_exp",
    "use_type": "dream_exp",
    "memo": "경험치 음식 예정",
    "material": "vegetation",
    "weight": 0,
    "invgfx": 127,
    "grdgfx": 80,
    "itemdesc_id": 1,
    "min_lvl": 15,
    "max_lvl": 0,
    "bless": 0,
    "trade": 0,
    "stackable": 1,
    "cant_delete": 0,
    "max_charge_count": 0,
    "save_at_once": 0,
    "isEndedTimeMessage": "false",
    "Add_dream_exp": "20",
    "Duration": 900000,
    "cooldownTime": 900000
  },
  {
    "item_id": 4210056,
    "name": "마법의 사랑초콜릿",
    "name_id": "마법의 사랑초콜릿",
    "item_type": "add_exp",
    "use_type": "dream_exp",
    "memo": "경험치 음식 예정",
    "material": "vegetation",
    "weight": 0,
    "invgfx": 608,
    "grdgfx": 2058,
    "itemdesc_id": 1,
    "min_lvl": 15,
    "max_lvl": 0,
    "bless": 0,
    "trade": 0,
    "stackable": 1,
    "cant_delete": 0,
    "max_charge_count": 0,
    "save_at_once": 0,
    "isEndedTimeMessage": "false",
    "Add_dream_exp": "20",
    "Duration": 900000,
    "cooldownTime": 900000
  },
  {
    "item_id": 4210057,
    "name": "에덴의 사과",
    "name_id": "에덴의 사과",
    "item_type": "add_exp",
    "use_type": "dream_exp",
    "memo": "경험치 음식 예정",
    "material": "vegetation",
    "weight": 0,
    "invgfx": 995,
    "grdgfx": 2723,
    "itemdesc_id": 1,
    "min_lvl": 15,
    "max_lvl": 0,
    "bless": 0,
    "trade": 0,
    "stackable": 1,
    "cant_delete": 0,
    "max_charge_count": 0,
    "save_at_once": 0,
    "isEndedTimeMessage": "false",
    "Add_dream_exp": "20",
    "Duration": 900000,
    "cooldownTime": 900000
  },
  {
    "item_id": 4210058,
    "name": "순수의 설탕",
    "name_id": "순수의 설탕",
    "item_type": "add_exp",
    "use_type": "dream_exp",
    "memo": "경험치 음식 예정",
    "material": "vegetation",
    "weight": 0,
    "invgfx": 936,
    "grdgfx": 73,
    "itemdesc_id": 1,
    "min_lvl": 15,
    "max_lvl": 0,
    "bless": 0,
    "trade": 0,
    "stackable": 1,
    "cant_delete": 0,
    "max_charge_count": 0,
    "save_at_once": 0,
    "isEndedTimeMessage": "false",
    "Add_dream_exp": "20",
    "Duration": 900000,
    "cooldownTime": 900000
  },
  {
    "item_id": 4210059,
    "name": "달빛 송편",
    "name_id": "달빛 송편",
    "item_type": "add_exp",
    "use_type": "dream_exp",
    "memo": "경험치 음식 예정",
    "material": "vegetation",
    "weight": 0,
    "invgfx": 1157,
    "grdgfx": 3037,
    "itemdesc_id": 1,
    "min_lvl": 15,
    "max_lvl": 0,
    "bless": 0,
    "trade": 0,
    "stackable": 1,
    "cant_delete": 0,
    "max_charge_count": 0,
    "save_at_once": 0,
    "isEndedTimeMessage": "false",
    "Add_dream_exp": "20",
    "Duration": 900000,
    "cooldownTime": 900000
  },
  {
    "item_id": 4210060,
    "name": "영혼의 쑥송편",
    "name_id": "영혼의 쑥송편",
    "item_type": "add_exp",
    "use_type": "dream_exp",
    "memo": "경험치 음식 예정",
    "material": "vegetation",
    "weight": 0,
    "invgfx": 1158,
    "grdgfx": 3038,
    "itemdesc_id": 1,
    "min_lvl": 15,
    "max_lvl": 0,
    "bless": 0,
    "trade": 0,
    "stackable": 1,
    "cant_delete": 0,
    "max_charge_count": 0,
    "save_at_once": 0,
    "isEndedTimeMessage": "false",
    "Add_dream_exp": "20",
    "Duration": 900000,
    "cooldownTime": 900000
  },
  {
    "item_id": 4210061,
    "name": "엘프의 은혜",
    "name_id": "엘프의 은혜",
    "item_type": "add_exp",
    "use_type": "dream_exp",
    "memo": "경험치 음식 예정",
    "material": "vegetation",
    "weight": 0,
    "invgfx": 130,
    "grdgfx": 81,
    "itemdesc_id": 1,
    "min_lvl": 15,
    "max_lvl": 0,
    "bless": 0,
    "trade": 0,
    "stackable": 1,
    "cant_delete": 0,
    "max_charge_count": 0,
    "save_at_once": 0,
    "isEndedTimeMessage": "false",
    "Add_dream_exp": "20",
    "Duration": 900000,
    "cooldownTime": 900000
  },
  {
    "item_id": 4210062,
    "name": "태양의 빛",
    "name_id": "태양의 빛",
    "item_type": "add_exp",
    "use_type": "dream_exp",
    "memo": "경험치 음식 예정",
    "material": "vegetation",
    "weight": 0,
    "invgfx": 71,
    "grdgfx": 73,
    "itemdesc_id": 1,
    "min_lvl": 15,
    "max_lvl": 0,
    "bless": 0,
    "trade": 0,
    "stackable": 1,
    "cant_delete": 0,
    "max_charge_count": 0,
    "save_at_once": 0,
    "isEndedTimeMessage": "false",
    "Add_dream_exp": "20",
    "Duration": 900000,
    "cooldownTime": 900000
  },
  {
    "item_id": 4210063,
    "name": "변화의 고대열매",
    "name_id": "변화의 고대열매",
    "item_type": "add_exp",
    "use_type": "dream_exp",
    "memo": "경험치 음식 예정",
    "material": "vegetation",
    "weight": 0,
    "invgfx": 1316,
    "grdgfx": 3350,
    "itemdesc_id": 1,
    "min_lvl": 15,
    "max_lvl": 0,
    "bless": 0,
    "trade": 0,
    "stackable": 1,
    "cant_delete": 0,
    "max_charge_count": 0,
    "save_at_once": 0,
    "isEndedTimeMessage": "false",
    "Add_dream_exp": "20",
    "Duration": 900000,
    "cooldownTime": 900000
  },
  {
    "item_id": 4210064,
    "name": "잊힌 여정의 빵",
    "name_id": "잊힌 여정의 빵",
    "item_type": "add_exp",
    "use_type": "dream_exp",
    "memo": "경험치 음식 예정",
    "material": "vegetation",
    "weight": 0,
    "invgfx": 1649,
    "grdgfx": 4252,
    "itemdesc_id": 1,
    "min_lvl": 15,
    "max_lvl": 0,
    "bless": 0,
    "trade": 0,
    "stackable": 1,
    "cant_delete": 0,
    "max_charge_count": 0,
    "save_at_once": 0,
    "isEndedTimeMessage": "false",
    "Add_dream_exp": "20",
    "Duration": 900000,
    "cooldownTime": 900000
  },
  {
    "item_id": 4210065,
    "name": "아침의 기적",
    "name_id": "아침의 기적",
    "item_type": "add_exp",
    "use_type": "dream_exp",
    "memo": "경험치 음식 예정",
    "material": "vegetation",
    "weight": 0,
    "invgfx": 125,
    "grdgfx": 74,
    "itemdesc_id": 1,
    "min_lvl": 15,
    "max_lvl": 0,
    "bless": 0,
    "trade": 0,
    "stackable": 1,
    "cant_delete": 0,
    "max_charge_count": 0,
    "save_at_once": 0,
    "isEndedTimeMessage": "false",
    "Add_dream_exp": "20",
    "Duration": 900000,
    "cooldownTime": 900000
  },
  {
    "item_id": 4210066,
    "name": "백색의 사랑사탕",
    "name_id": "백색의 사랑사탕",
    "item_type": "add_exp",
    "use_type": "dream_exp",
    "memo": "경험치 음식 예정",
    "material": "vegetation",
    "weight": 0,
    "invgfx": 614,
    "grdgfx": 73,
    "itemdesc_id": 1,
    "min_lvl": 15,
    "max_lvl": 0,
    "bless": 0,
    "trade": 0,
    "stackable": 1,
    "cant_delete": 0,
    "max_charge_count": 0,
    "save_at_once": 0,
    "isEndedTimeMessage": "false",
    "Add_dream_exp": "20",
    "Duration": 900000,
    "cooldownTime": 900000
  },
  {
    "item_id": 4210067,
    "name": "어둠의 씨앗",
    "name_id": "어둠의 씨앗",
    "item_type": "add_exp",
    "use_type": "dream_exp",
    "memo": "경험치 음식 예정",
    "material": "vegetation",
    "weight": 0,
    "invgfx": 949,
    "grdgfx": 2475,
    "itemdesc_id": 1,
    "min_lvl": 15,
    "max_lvl": 0,
    "bless": 0,
    "trade": 0,
    "stackable": 1,
    "cant_delete": 0,
    "max_charge_count": 0,
    "save_at_once": 0,
    "isEndedTimeMessage": "false",
    "Add_dream_exp": "20",
    "Duration": 900000,
    "cooldownTime": 900000
  },
  {
    "item_id": 4210068,
    "name": "불꽃의 의식",
    "name_id": "불꽃의 의식",
    "item_type": "add_exp",
    "use_type": "dream_exp",
    "memo": "경험치 음식 예정",
    "material": "animalmatter",
    "weight": 0,
    "invgfx": 124,
    "grdgfx": 36,
    "itemdesc_id": 1,
    "min_lvl": 15,
    "max_lvl": 0,
    "bless": 0,
    "trade": 0,
    "stackable": 1,
    "cant_delete": 0,
    "max_charge_count": 0,
    "save_at_once": 0,
    "isEndedTimeMessage": "false",
    "Add_dream_exp": "20",
    "Duration": 900000,
    "cooldownTime": 900000
  },
  {
    "item_id": 4210069,
    "name": "전사의 한끼",
    "name_id": "전사의 한끼",
    "item_type": "add_exp",
    "use_type": "dream_exp",
    "memo": "경험치 음식 예정",
    "material": "vegetation",
    "weight": 0,
    "invgfx": 2335,
    "grdgfx": 5714,
    "itemdesc_id": 1,
    "min_lvl": 15,
    "max_lvl": 0,
    "bless": 0,
    "trade": 0,
    "stackable": 1,
    "cant_delete": 0,
    "max_charge_count": 0,
    "save_at_once": 0,
    "isEndedTimeMessage": "false",
    "Add_dream_exp": "20",
    "Duration": 900000,
    "cooldownTime": 900000
  },
  {
    "item_id": 4210070,
    "name": "용사의 깃털 꼬치",
    "name_id": "용사의 깃털 꼬치",
    "item_type": "add_exp",
    "use_type": "dream_exp",
    "memo": "경험치 음식 예정",
    "material": "animalmatter",
    "weight": 0,
    "invgfx": 2332,
    "grdgfx": 5718,
    "itemdesc_id": 1,
    "min_lvl": 15,
    "max_lvl": 0,
    "bless": 0,
    "trade": 0,
    "stackable": 1,
    "cant_delete": 0,
    "max_charge_count": 0,
    "save_at_once": 0,
    "isEndedTimeMessage": "false",
    "Add_dream_exp": "20",
    "Duration": 900000,
    "cooldownTime": 900000
  },
  {
    "item_id": 4210071,
    "name": "태양의 씨앗",
    "name_id": "태양의 씨앗",
    "item_type": "add_exp",
    "use_type": "dream_exp",
    "memo": "경험치 음식 예정",
    "material": "vegetation",
    "weight": 0,
    "invgfx": 949,
    "grdgfx": 2475,
    "itemdesc_id": 1,
    "min_lvl": 15,
    "max_lvl": 0,
    "bless": 0,
    "trade": 0,
    "stackable": 1,
    "cant_delete": 0,
    "max_charge_count": 0,
    "save_at_once": 0,
    "isEndedTimeMessage": "false",
    "Add_dream_exp": "20",
    "Duration": 900000,
    "cooldownTime": 900000
  },
  {
    "item_id": 4210072,
    "name": "흰 마법의 가루",
    "name_id": "흰 마법의 가루",
    "item_type": "add_exp",
    "use_type": "dream_exp",
    "memo": "경험치 음식 예정",
    "material": "vegetation",
    "weight": 0,
    "invgfx": 2493,
    "grdgfx": 5989,
    "itemdesc_id": 1,
    "min_lvl": 15,
    "max_lvl": 0,
    "bless": 0,
    "trade": 0,
    "stackable": 1,
    "cant_delete": 0,
    "max_charge_count": 0,
    "save_at_once": 0,
    "isEndedTimeMessage": "false",
    "Add_dream_exp": "20",
    "Duration": 900000,
    "cooldownTime": 900000
  },
  {
    "item_id": 4210073,
    "name": "붉은 축복의 열매",
    "name_id": "붉은 축복의 열매",
    "item_type": "add_exp",
    "use_type": "dream_exp",
    "memo": "경험치 음식 예정",
    "material": "vegetation",
    "weight": 0,
    "invgfx": 2505,
    "grdgfx": 6001,
    "itemdesc_id": 1,
    "min_lvl": 15,
    "max_lvl": 0,
    "bless": 0,
    "trade": 0,
    "stackable": 1,
    "cant_delete": 0,
    "max_charge_count": 0,
    "save_at_once": 0,
    "isEndedTimeMessage": "false",
    "Add_dream_exp": "20",
    "Duration": 900000,
    "cooldownTime": 900000
  },
  {
    "item_id": 4210074,
    "name": "백치즈의 신성함",
    "name_id": "백치즈의 신성함",
    "item_type": "add_exp",
    "use_type": "dream_exp",
    "memo": "경험치 음식 예정",
    "material": "animalmatter",
    "weight": 0,
    "invgfx": 2504,
    "grdgfx": 6000,
    "itemdesc_id": 1,
    "min_lvl": 15,
    "max_lvl": 0,
    "bless": 0,
    "trade": 0,
    "stackable": 1,
    "cant_delete": 0,
    "max_charge_count": 0,
    "save_at_once": 0,
    "isEndedTimeMessage": "false",
    "Add_dream_exp": "20",
    "Duration": 900000,
    "cooldownTime": 900000
  },
  {
    "item_id": 4210075,
    "name": "불사의 조각",
    "name_id": "불사의 조각",
    "item_type": "add_exp",
    "use_type": "dream_exp",
    "memo": "경험치 음식 예정",
    "material": "animalmatter",
    "weight": 0,
    "invgfx": 2503,
    "grdgfx": 5999,
    "itemdesc_id": 1,
    "min_lvl": 15,
    "max_lvl": 0,
    "bless": 0,
    "trade": 0,
    "stackable": 1,
    "cant_delete": 0,
    "max_charge_count": 0,
    "save_at_once": 0,
    "isEndedTimeMessage": "false",
    "Add_dream_exp": "20",
    "Duration": 900000,
    "cooldownTime": 900000
  },
  {
    "item_id": 4210076,
    "name": "숲의 열매",
    "name_id": "숲의 열매",
    "item_type": "add_exp",
    "use_type": "dream_exp",
    "memo": "경험치 음식 예정",
    "material": "vegetation",
    "weight": 0,
    "invgfx": 2487,
    "grdgfx": 5984,
    "itemdesc_id": 1,
    "min_lvl": 15,
    "max_lvl": 0,
    "bless": 0,
    "trade": 0,
    "stackable": 1,
    "cant_delete": 0,
    "max_charge_count": 0,
    "save_at_once": 0,
    "isEndedTimeMessage": "false",
    "Add_dream_exp": "20",
    "Duration": 900000,
    "cooldownTime": 900000
  },
  {
    "item_id": 4210077,
    "name": "바람의 폭포",
    "name_id": "바람의 폭포",
    "item_type": "add_exp",
    "use_type": "dream_exp",
    "memo": "경험치 음식 예정",
    "material": "vegetation",
    "weight": 0,
    "invgfx": 2494,
    "grdgfx": 5990,
    "itemdesc_id": 1,
    "min_lvl": 15,
    "max_lvl": 0,
    "bless": 0,
    "trade": 0,
    "stackable": 1,
    "cant_delete": 0,
    "max_charge_count": 0,
    "save_at_once": 0,
    "isEndedTimeMessage": "false",
    "Add_dream_exp": "20",
    "Duration": 900000,
    "cooldownTime": 900000
  },
  {
    "item_id": 4210078,
    "name": "겨울의 속삭임",
    "name_id": "겨울의 속삭임",
    "item_type": "add_exp",
    "use_type": "dream_exp",
    "memo": "경험치 음식 예정",
    "material": "animalmatter",
    "weight": 0,
    "invgfx": 2496,
    "grdgfx": 5992,
    "itemdesc_id": 1,
    "min_lvl": 15,
    "max_lvl": 0,
    "bless": 0,
    "trade": 0,
    "stackable": 1,
    "cant_delete": 0,
    "max_charge_count": 0,
    "save_at_once": 0,
    "isEndedTimeMessage": "false",
    "Add_dream_exp": "20",
    "Duration": 900000,
    "cooldownTime": 900000
  },
  {
    "item_id": 4210079,
    "name": "별빛 와플",
    "name_id": "별빛 와플",
    "item_type": "add_exp",
    "use_type": "dream_exp",
    "memo": "경험치 음식 예정",
    "material": "vegetation",
    "weight": 0,
    "invgfx": 2497,
    "grdgfx": 5993,
    "itemdesc_id": 1,
    "min_lvl": 15,
    "max_lvl": 0,
    "bless": 0,
    "trade": 0,
    "stackable": 1,
    "cant_delete": 0,
    "max_charge_count": 0,
    "save_at_once": 0,
    "isEndedTimeMessage": "false",
    "Add_dream_exp": "20",
    "Duration": 900000,
    "cooldownTime": 900000
  },
  {
    "item_id": 4210080,
    "name": "죽음의 꽃다발",
    "name_id": "죽음의 꽃다발",
    "item_type": "add_exp",
    "use_type": "dream_exp",
    "memo": "경험치 음식 예정",
    "material": "vegetation",
    "weight": 0,
    "invgfx": 2471,
    "grdgfx": 5927,
    "itemdesc_id": 1,
    "min_lvl": 15,
    "max_lvl": 0,
    "bless": 0,
    "trade": 0,
    "stackable": 1,
    "cant_delete": 0,
    "max_charge_count": 0,
    "save_at_once": 0,
    "isEndedTimeMessage": "false",
    "Add_dream_exp": "20",
    "Duration": 900000,
    "cooldownTime": 900000
  },
  {
    "item_id": 4210081,
    "name": "순수한 마음의 꽃다발",
    "name_id": "순수한 마음의 꽃다발",
    "item_type": "add_exp",
    "use_type": "dream_exp",
    "memo": "경험치 음식 예정",
    "material": "vegetation",
    "weight": 0,
    "invgfx": 2472,
    "grdgfx": 5922,
    "itemdesc_id": 1,
    "min_lvl": 15,
    "max_lvl": 0,
    "bless": 0,
    "trade": 0,
    "stackable": 1,
    "cant_delete": 0,
    "max_charge_count": 0,
    "save_at_once": 0,
    "isEndedTimeMessage": "false",
    "Add_dream_exp": "20",
    "Duration": 900000,
    "cooldownTime": 900000
  },
  {
    "item_id": 4210082,
    "name": "붉은 사랑의 꽃다발",
    "name_id": "붉은 사랑의 꽃다발",
    "item_type": "add_exp",
    "use_type": "dream_exp",
    "memo": "경험치 음식 예정",
    "material": "vegetation",
    "weight": 0,
    "invgfx": 2480,
    "grdgfx": 5928,
    "itemdesc_id": 1,
    "min_lvl": 15,
    "max_lvl": 0,
    "bless": 0,
    "trade": 0,
    "stackable": 1,
    "cant_delete": 0,
    "max_charge_count": 0,
    "save_at_once": 0,
    "isEndedTimeMessage": "false",
    "Add_dream_exp": "20",
    "Duration": 900000,
    "cooldownTime": 900000
  },
  {
    "item_id": 4210083,
    "name": "마법의 꽃다발",
    "name_id": "마법의 꽃다발",
    "item_type": "add_exp",
    "use_type": "dream_exp",
    "memo": "경험치 음식 예정",
    "material": "vegetation",
    "weight": 0,
    "invgfx": 2481,
    "grdgfx": 5921,
    "itemdesc_id": 1,
    "min_lvl": 15,
    "max_lvl": 0,
    "bless": 0,
    "trade": 0,
    "stackable": 1,
    "cant_delete": 0,
    "max_charge_count": 0,
    "save_at_once": 0,
    "isEndedTimeMessage": "false",
    "Add_dream_exp": "20",
    "Duration": 900000,
    "cooldownTime": 900000
  },
  {
    "item_id": 4210084,
    "name": "태양의 축복 꽃다발",
    "name_id": "태양의 축복 꽃다발",
    "item_type": "add_exp",
    "use_type": "dream_exp",
    "memo": "경험치 음식 예정",
    "material": "vegetation",
    "weight": 0,
    "invgfx": 2482,
    "grdgfx": 5929,
    "itemdesc_id": 1,
    "min_lvl": 15,
    "max_lvl": 0,
    "bless": 0,
    "trade": 0,
    "stackable": 1,
    "cant_delete": 0,
    "max_charge_count": 0,
    "save_at_once": 0,
    "isEndedTimeMessage": "false",
    "Add_dream_exp": "20",
    "Duration": 900000,
    "cooldownTime": 900000
  },
  {
    "item_id": 4210085,
    "name": "향기의 마법꽃다발",
    "name_id": "향기의 마법꽃다발",
    "item_type": "add_exp",
    "use_type": "dream_exp",
    "memo": "경험치 음식 예정",
    "material": "vegetation",
    "weight": 0,
    "invgfx": 2483,
    "grdgfx": 5923,
    "itemdesc_id": 1,
    "min_lvl": 15,
    "max_lvl": 0,
    "bless": 0,
    "trade": 0,
    "stackable": 1,
    "cant_delete": 0,
    "max_charge_count": 0,
    "save_at_once": 0,
    "isEndedTimeMessage": "false",
    "Add_dream_exp": "20",
    "Duration": 900000,
    "cooldownTime": 900000
  },
  {
    "item_id": 4210086,
    "name": "신의 축복을 받은 빵",
    "name_id": "신의 축복을 받은 빵",
    "item_type": "add_exp",
    "use_type": "dream_exp",
    "memo": "경험치 음식 예정",
    "material": "vegetation",
    "weight": 0,
    "invgfx": 2558,
    "grdgfx": 6123,
    "itemdesc_id": 1,
    "min_lvl": 15,
    "max_lvl": 0,
    "bless": 0,
    "trade": 0,
    "stackable": 1,
    "cant_delete": 0,
    "max_charge_count": 0,
    "save_at_once": 0,
    "isEndedTimeMessage": "false",
    "Add_dream_exp": "20",
    "Duration": 900000,
    "cooldownTime": 900000
  },
  {
    "item_id": 4210087,
    "name": "은빛 구슬",
    "name_id": "은빛 구슬",
    "item_type": "add_exp",
    "use_type": "dream_exp",
    "memo": "경험치 음식 예정",
    "material": "vegetation",
    "weight": 0,
    "invgfx": 1396,
    "grdgfx": 3461,
    "itemdesc_id": 1,
    "min_lvl": 15,
    "max_lvl": 0,
    "bless": 0,
    "trade": 0,
    "stackable": 1,
    "cant_delete": 0,
    "max_charge_count": 0,
    "save_at_once": 0,
    "isEndedTimeMessage": "false",
    "Add_dream_exp": "20",
    "Duration": 900000,
    "cooldownTime": 900000
  },
  {
    "item_id": 4210088,
    "name": "황금의 심장",
    "name_id": "황금의 심장",
    "item_type": "add_exp",
    "use_type": "dream_exp",
    "memo": "경험치 음식 예정",
    "material": "vegetation",
    "weight": 0,
    "invgfx": 1397,
    "grdgfx": 3462,
    "itemdesc_id": 1,
    "min_lvl": 15,
    "max_lvl": 0,
    "bless": 0,
    "trade": 0,
    "stackable": 1,
    "cant_delete": 0,
    "max_charge_count": 0,
    "save_at_once": 0,
    "isEndedTimeMessage": "false",
    "Add_dream_exp": "20",
    "Duration": 900000,
    "cooldownTime": 900000
  },
  {
    "item_id": 4210089,
    "name": "달빛의 월병",
    "name_id": "달빛의 월병",
    "item_type": "add_exp",
    "use_type": "dream_exp",
    "memo": "경험치 음식 예정",
    "material": "vegetation",
    "weight": 0,
    "invgfx": 1159,
    "grdgfx": 3039,
    "itemdesc_id": 1,
    "min_lvl": 15,
    "max_lvl": 0,
    "bless": 0,
    "trade": 0,
    "stackable": 1,
    "cant_delete": 0,
    "max_charge_count": 0,
    "save_at_once": 0,
    "isEndedTimeMessage": "false",
    "Add_dream_exp": "20",
    "Duration": 900000,
    "cooldownTime": 900000
  },
  {
    "item_id": 4210090,
    "name": "행운의 월병",
    "name_id": "행운의 월병",
    "item_type": "add_exp",
    "use_type": "dream_exp",
    "memo": "경험치 음식 예정",
    "material": "vegetation",
    "weight": 0,
    "invgfx": 1160,
    "grdgfx": 3040,
    "itemdesc_id": 1,
    "min_lvl": 15,
    "max_lvl": 0,
    "bless": 0,
    "trade": 0,
    "stackable": 1,
    "cant_delete": 0,
    "max_charge_count": 0,
    "save_at_once": 0,
    "isEndedTimeMessage": "false",
    "Add_dream_exp": "20",
    "Duration": 900000,
    "cooldownTime": 900000
  },
  {
    "item_id": 4210091,
    "name": "영원의 얼음딸기",
    "name_id": "영원의 얼음딸기",
    "item_type": "add_exp",
    "use_type": "dream_exp",
    "memo": "경험치 음식 예정",
    "material": "vegetation",
    "weight": 0,
    "invgfx": 2984,
    "grdgfx": 3963,
    "itemdesc_id": 1,
    "min_lvl": 15,
    "max_lvl": 0,
    "bless": 0,
    "trade": 0,
    "stackable": 1,
    "cant_delete": 0,
    "max_charge_count": 0,
    "save_at_once": 0,
    "isEndedTimeMessage": "false",
    "Add_dream_exp": "20",
    "Duration": 900000,
    "cooldownTime": 900000
  },
  {
    "item_id": 4210092,
    "name": "서리의 황금 레몬",
    "name_id": "서리의 황금 레몬",
    "item_type": "add_exp",
    "use_type": "dream_exp",
    "memo": "경험치 음식 예정",
    "material": "vegetation",
    "weight": 0,
    "invgfx": 2985,
    "grdgfx": 3963,
    "itemdesc_id": 1,
    "min_lvl": 15,
    "max_lvl": 0,
    "bless": 0,
    "trade": 0,
    "stackable": 1,
    "cant_delete": 0,
    "max_charge_count": 0,
    "save_at_once": 0,
    "isEndedTimeMessage": "false",
    "Add_dream_exp": "20",
    "Duration": 900000,
    "cooldownTime": 900000
  },
  {
    "item_id": 4210093,
    "name": "신비의 얼음망고",
    "name_id": "신비의 얼음망고",
    "item_type": "add_exp",
    "use_type": "dream_exp",
    "memo": "경험치 음식 예정",
    "material": "vegetation",
    "weight": 0,
    "invgfx": 2988,
    "grdgfx": 3963,
    "itemdesc_id": 1,
    "min_lvl": 15,
    "max_lvl": 0,
    "bless": 0,
    "trade": 0,
    "stackable": 1,
    "cant_delete": 0,
    "max_charge_count": 0,
    "save_at_once": 0,
    "isEndedTimeMessage": "false",
    "Add_dream_exp": "20",
    "Duration": 900000,
    "cooldownTime": 900000
  },
  {
    "item_id": 4210094,
    "name": "겨울의 멜론",
    "name_id": "겨울의 멜론",
    "item_type": "add_exp",
    "use_type": "dream_exp",
    "memo": "경험치 음식 예정",
    "material": "vegetation",
    "weight": 0,
    "invgfx": 2990,
    "grdgfx": 3963,
    "itemdesc_id": 1,
    "min_lvl": 15,
    "max_lvl": 0,
    "bless": 0,
    "trade": 0,
    "stackable": 1,
    "cant_delete": 0,
    "max_charge_count": 0,
    "save_at_once": 0,
    "isEndedTimeMessage": "false",
    "Add_dream_exp": "20",
    "Duration": 900000,
    "cooldownTime": 900000
  },
  {
    "item_id": 4210095,
    "name": "영혼의 빨간콩",
    "name_id": "영혼의 빨간콩",
    "item_type": "add_exp",
    "use_type": "dream_exp",
    "memo": "경험치 음식 예정",
    "material": "vegetation",
    "weight": 0,
    "invgfx": 2991,
    "grdgfx": 3963,
    "itemdesc_id": 1,
    "min_lvl": 15,
    "max_lvl": 0,
    "bless": 0,
    "trade": 0,
    "stackable": 1,
    "cant_delete": 0,
    "max_charge_count": 0,
    "save_at_once": 0,
    "isEndedTimeMessage": "false",
    "Add_dream_exp": "20",
    "Duration": 900000,
    "cooldownTime": 900000
  },
  {
    "item_id": 4210096,
    "name": "황금빛 소울프루트",
    "name_id": "황금빛 소울프루트",
    "item_type": "add_exp",
    "use_type": "dream_exp",
    "memo": "경험치 음식 예정",
    "material": "vegetation",
    "weight": 0,
    "invgfx": 63,
    "grdgfx": 72,
    "itemdesc_id": 1,
    "min_lvl": 15,
    "max_lvl": 0,
    "bless": 0,
    "trade": 0,
    "stackable": 1,
    "cant_delete": 0,
    "max_charge_count": 0,
    "save_at_once": 0,
    "isEndedTimeMessage": "false",
    "Add_dream_exp": "20",
    "Duration": 900000,
    "cooldownTime": 900000
  },
  {
    "item_id": 4210097,
    "name": "섬의 열매",
    "name_id": "섬의 열매",
    "item_type": "add_exp",
    "use_type": "dream_exp",
    "memo": "경험치 음식 예정",
    "material": "vegetation",
    "weight": 0,
    "invgfx": 127,
    "grdgfx": 80,
    "itemdesc_id": 1,
    "min_lvl": 15,
    "max_lvl": 0,
    "bless": 0,
    "trade": 0,
    "stackable": 1,
    "cant_delete": 0,
    "max_charge_count": 0,
    "save_at_once": 0,
    "isEndedTimeMessage": "false",
    "Add_dream_exp": "20",
    "Duration": 900000,
    "cooldownTime": 900000
  },
  {
    "item_id": 4210098,
    "name": "빛의 설탕",
    "name_id": "빛의 설탕",
    "item_type": "add_exp",
    "use_type": "dream_exp",
    "memo": "경험치 음식 예정",
    "material": "vegetation",
    "weight": 0,
    "invgfx": 936,
    "grdgfx": 73,
    "itemdesc_id": 1,
    "min_lvl": 15,
    "max_lvl": 0,
    "bless": 0,
    "trade": 0,
    "stackable": 1,
    "cant_delete": 0,
    "max_charge_count": 0,
    "save_at_once": 0,
    "isEndedTimeMessage": "false",
    "Add_dream_exp": "20",
    "Duration": 900000,
    "cooldownTime": 900000
  },
  {
    "item_id": 4210099,
    "name": "엘프의 기쁨",
    "name_id": "엘프의 기쁨",
    "item_type": "add_exp",
    "use_type": "dream_exp",
    "memo": "경험치 음식 예정",
    "material": "vegetation",
    "weight": 0,
    "invgfx": 130,
    "grdgfx": 81,
    "itemdesc_id": 1,
    "min_lvl": 15,
    "max_lvl": 0,
    "bless": 0,
    "trade": 0,
    "stackable": 1,
    "cant_delete": 0,
    "max_charge_count": 0,
    "save_at_once": 0,
    "isEndedTimeMessage": "false",
    "Add_dream_exp": "20",
    "Duration": 900000,
    "cooldownTime": 900000
  },
  {
    "item_id": 4210100,
    "name": "황금의 열매",
    "name_id": "황금의 열매",
    "item_type": "add_exp",
    "use_type": "dream_exp",
    "memo": "경험치 음식 예정",
    "material": "vegetation",
    "weight": 0,
    "invgfx": 71,
    "grdgfx": 73,
    "itemdesc_id": 1,
    "min_lvl": 15,
    "max_lvl": 0,
    "bless": 0,
    "trade": 0,
    "stackable": 1,
    "cant_delete": 0,
    "max_charge_count": 0,
    "save_at_once": 0,
    "isEndedTimeMessage": "false",
    "Add_dream_exp": "20",
    "Duration": 900000,
    "cooldownTime": 900000
  },
  {
    "item_id": 4210101,
    "name": "하늘의 기적",
    "name_id": "하늘의 기적",
    "item_type": "add_exp",
    "use_type": "dream_exp",
    "memo": "경험치 음식 예정",
    "material": "vegetation",
    "weight": 0,
    "invgfx": 125,
    "grdgfx": 74,
    "itemdesc_id": 1,
    "min_lvl": 15,
    "max_lvl": 0,
    "bless": 0,
    "trade": 0,
    "stackable": 1,
    "cant_delete": 0,
    "max_charge_count": 0,
    "save_at_once": 0,
    "isEndedTimeMessage": "false",
    "Add_dream_exp": "20",
    "Duration": 900000,
    "cooldownTime": 900000
  },
  {
    "item_id": 4210102,
    "name": "자연의 수호자의 열",
    "name_id": "자연의 수호자의 열",
    "item_type": "add_exp",
    "use_type": "dream_exp",
    "memo": "경험치 음식 예정",
    "material": "vegetation",
    "weight": 0,
    "invgfx": 126,
    "grdgfx": 79,
    "itemdesc_id": 1,
    "min_lvl": 15,
    "max_lvl": 0,
    "bless": 0,
    "trade": 0,
    "stackable": 1,
    "cant_delete": 0,
    "max_charge_count": 0,
    "save_at_once": 0,
    "isEndedTimeMessage": "false",
    "Add_dream_exp": "20",
    "Duration": 900000,
    "cooldownTime": 900000
  },
  {
    "item_id": 4210103,
    "name": "심연의 열매",
    "name_id": "심연의 열매",
    "item_type": "add_exp",
    "use_type": "dream_exp",
    "memo": "경험치 음식 예정",
    "material": "vegetation",
    "weight": 0,
    "invgfx": 3038,
    "grdgfx": 6948,
    "itemdesc_id": 1,
    "min_lvl": 15,
    "max_lvl": 0,
    "bless": 0,
    "trade": 0,
    "stackable": 1,
    "cant_delete": 0,
    "max_charge_count": 0,
    "save_at_once": 0,
    "isEndedTimeMessage": "false",
    "Add_dream_exp": "20",
    "Duration": 900000,
    "cooldownTime": 900000
  },
  {
    "item_id": 4210104,
    "name": "달맞이 꽃",
    "name_id": "달맞이 꽃",
    "item_type": "add_exp",
    "use_type": "dream_exp",
    "memo": "경험치 음식 예정",
    "material": "vegetation",
    "weight": 0,
    "invgfx": 513,
    "grdgfx": 1490,
    "itemdesc_id": 1,
    "min_lvl": 15,
    "max_lvl": 0,
    "bless": 0,
    "trade": 0,
    "stackable": 1,
    "cant_delete": 0,
    "max_charge_count": 0,
    "save_at_once": 0,
    "isEndedTimeMessage": "false",
    "Add_dream_exp": "20",
    "Duration": 900000,
    "cooldownTime": 900000
  },
  {
    "item_id": 4210109,
    "name": "픽시가 아무거나 넣은 쥬스",
    "name_id": "픽시가 아무거나 넣은 쥬스",
    "item_type": "add_exp",
    "use_type": "dream_exp",
    "memo": "경험치 음식 예정",
    "material": "vegetation",
    "weight": 0,
    "invgfx": 4814,
    "grdgfx": 20,
    "itemdesc_id": 1,
    "min_lvl": 75,
    "max_lvl": 0,
    "bless": 0,
    "trade": 0,
    "stackable": 1,
    "cant_delete": 0,
    "max_charge_count": 0,
    "save_at_once": 0,
    "isEndedTimeMessage": "false",
    "Add_dream_exp": "200",
    "Duration": 900000,
    "cooldownTime": 900000
  },
  {
    "item_id": 4210108,
    "name": "픽시의 장난섞인 쥬스",
    "name_id": "픽시의 장난섞인 쥬스",
    "item_type": "add_exp",
    "use_type": "dream_exp",
    "memo": "경험치 음식 예정",
    "material": "vegetation",
    "weight": 0,
    "invgfx": 4811,
    "grdgfx": 45,
    "itemdesc_id": 1,
    "min_lvl": 70,
    "max_lvl": 0,
    "bless": 0,
    "trade": 0,
    "stackable": 1,
    "cant_delete": 0,
    "max_charge_count": 0,
    "save_at_once": 0,
    "isEndedTimeMessage": "false",
    "Add_dream_exp": "200",
    "Duration": 900000,
    "cooldownTime": 900000
  },
  {
    "item_id": 4210107,
    "name": "사과소스를 첨가한 고기 쥬스",
    "name_id": "사과소스를 첨가한 고기 쥬스",
    "item_type": "add_exp",
    "use_type": "dream_exp",
    "memo": "경험치 음식 예정",
    "material": "vegetation",
    "weight": 0,
    "invgfx": 1032,
    "grdgfx": 47,
    "itemdesc_id": 1,
    "min_lvl": 65,
    "max_lvl": 0,
    "bless": 0,
    "trade": 0,
    "stackable": 1,
    "cant_delete": 0,
    "max_charge_count": 0,
    "save_at_once": 0,
    "isEndedTimeMessage": "false",
    "Add_dream_exp": "200",
    "Duration": 900000,
    "cooldownTime": 900000
  },
  {
    "item_id": 4210106,
    "name": "오렌지향 과자 쥬스",
    "name_id": "오렌지향 과자 쥬스",
    "item_type": "add_exp",
    "use_type": "dream_exp",
    "memo": "경험치 음식 예정",
    "material": "vegetation",
    "weight": 0,
    "invgfx": 1034,
    "grdgfx": 47,
    "itemdesc_id": 1,
    "min_lvl": 60,
    "max_lvl": 0,
    "bless": 0,
    "trade": 0,
    "stackable": 1,
    "cant_delete": 0,
    "max_charge_count": 0,
    "save_at_once": 0,
    "isEndedTimeMessage": "false",
    "Add_dream_exp": "200",
    "Duration": 900000,
    "cooldownTime": 900000
  },
  {
    "item_id": 4210105,
    "name": "바나나맛 야채모듬 쥬스",
    "name_id": "바나나맛 야채모듬 쥬스",
    "item_type": "add_exp",
    "use_type": "dream_exp",
    "memo": "경험치 음식 예정",
    "material": "vegetation",
    "weight": 0,
    "invgfx": 1033,
    "grdgfx": 47,
    "itemdesc_id": 1,
    "min_lvl": 55,
    "max_lvl": 0,
    "bless": 0,
    "trade": 0,
    "stackable": 1,
    "cant_delete": 0,
    "max_charge_count": 0,
    "save_at_once": 0,
    "isEndedTimeMessage": "false",
    "Add_dream_exp": "200",
    "Duration": 900000,
    "cooldownTime": 900000
  }
]